,feature,encoding,weight,encoding_orig
0,vectortyp_geschichtslyrik,ordinal,1.0,
1,vectortyp_empirisch,bin,1.0,
2,vectortyp_theoretisch,bin,1.0,
3,vectortyp_sprechinstanz_markiert,bin,1.0,
4,vectortyp_konkretheit,ordinal,1.0,
5,vectortyp_vergangenheitsdominant,ordinal,1.0,
6,vectortyp_zeitebenen,interval,1.0,
7,vectortyp_fixierbarkeit,bin,1.0,
8,vectortyp_anachronismus,bin,1.0,
9,vectortyp_gegenwartsbezug,bin,1.0,
10,vectortyp_nationalismus,bin,1.0,
11,vectortyp_heroismus,bin,1.0,
12,vectortyp_religiositaet,bin,1.0,
13,vectortyp_ueberlieferung,bin,1.0,
14,vectortyp_geschichtsauffassung,bin,1.0,
15,vectortyp_reim,ordinal,1.0,
16,vectortyp_metrum,ordinal,1.0,
17,vectortyp_verfremdung,ordinal,1.0,
18,vectortyp_gattung_Ballade,bin,0.16666666666666666,nominal_multi
19,vectortyp_gattung_Sonett,bin,0.16666666666666666,nominal_multi
20,vectortyp_gattung_Lied,bin,0.16666666666666666,nominal_multi
21,vectortyp_gattung_None,bin,0.16666666666666666,nominal_multi
22,vectortyp_gattung_Rollengedicht,bin,0.16666666666666666,nominal_multi
23,vectortyp_gattung_Denkmal-/Ruinenpoesie,bin,0.16666666666666666,nominal_multi
24,vectortyp_sprechinstanz_in_vergangenheit_gegenwart,bin,0.3333333333333333,nominal
25,vectortyp_sprechinstanz_in_vergangenheit_unmarkiert,bin,0.3333333333333333,nominal
26,vectortyp_sprechinstanz_in_vergangenheit_vergangenheit,bin,0.3333333333333333,nominal
27,vectortyp_sprechakte_Erzählen,bin,0.2,nominal_multi
28,vectortyp_sprechakte_Behaupten,bin,0.2,nominal_multi
29,vectortyp_sprechakte_Beschreiben,bin,0.2,nominal_multi
30,vectortyp_sprechakte_Auffordern,bin,0.2,nominal_multi
31,vectortyp_sprechakte_Fragen,bin,0.2,nominal_multi
32,vectortyp_tempus_Präteritum,bin,0.3333333333333333,nominal_multi
33,vectortyp_tempus_Präsens,bin,0.3333333333333333,nominal_multi
34,vectortyp_tempus_Futur,bin,0.3333333333333333,nominal_multi
35,vectortyp_wissen_ambivalent,bin,0.25,nominal
36,vectortyp_wissen_neutral,bin,0.25,nominal
37,vectortyp_wissen_unwissend,bin,0.25,nominal
38,vectortyp_wissen_wissend,bin,0.25,nominal
39,vectortyp_beginn,interval,1.0,interval
40,vectortyp_ende,interval,1.0,interval
41,vectortyp_grossraum_Europa,bin,0.1111111111111111,nominal_multi
42,vectortyp_grossraum_Welt,bin,0.1111111111111111,nominal_multi
43,vectortyp_grossraum_Afrika,bin,0.1111111111111111,nominal_multi
44,vectortyp_grossraum_Asien,bin,0.1111111111111111,nominal_multi
45,vectortyp_grossraum_Amerika,bin,0.1111111111111111,nominal_multi
46,vectortyp_grossraum_None,bin,0.1111111111111111,nominal_multi
47,vectortyp_grossraum_Atlantik,bin,0.1111111111111111,nominal_multi
48,vectortyp_grossraum_Außerweltliche Räume,bin,0.1111111111111111,nominal_multi
49,vectortyp_grossraum_Ozeane,bin,0.1111111111111111,nominal_multi
50,vectortyp_mittelraum_Ostfränkisches Reich,bin,0.012658227848101266,nominal_multi
51,vectortyp_mittelraum_None,bin,0.012658227848101266,nominal_multi
52,vectortyp_mittelraum_Griechenland,bin,0.012658227848101266,nominal_multi
53,vectortyp_mittelraum_Nordafrika,bin,0.012658227848101266,nominal_multi
54,vectortyp_mittelraum_Heiliges Römisches Reich,bin,0.012658227848101266,nominal_multi
55,vectortyp_mittelraum_Germanien,bin,0.012658227848101266,nominal_multi
56,vectortyp_mittelraum_Ungarn,bin,0.012658227848101266,nominal_multi
57,vectortyp_mittelraum_Niederlande,bin,0.012658227848101266,nominal_multi
58,vectortyp_mittelraum_Deutscher Raum,bin,0.012658227848101266,nominal_multi
59,vectortyp_mittelraum_Frankreich,bin,0.012658227848101266,nominal_multi
60,vectortyp_mittelraum_Kaisertum Österreich,bin,0.012658227848101266,nominal_multi
61,vectortyp_mittelraum_Poströmische Herrschaftsgebiete,bin,0.012658227848101266,nominal_multi
62,vectortyp_mittelraum_Fränkisches Reich,bin,0.012658227848101266,nominal_multi
63,vectortyp_mittelraum_Hunnenreich,bin,0.012658227848101266,nominal_multi
64,vectortyp_mittelraum_Mittelmeer,bin,0.012658227848101266,nominal_multi
65,vectortyp_mittelraum_Weströmisches Reich,bin,0.012658227848101266,nominal_multi
66,vectortyp_mittelraum_Römisches Reich,bin,0.012658227848101266,nominal_multi
67,vectortyp_mittelraum_Ägypten,bin,0.012658227848101266,nominal_multi
68,vectortyp_mittelraum_Italien,bin,0.012658227848101266,nominal_multi
69,vectortyp_mittelraum_Mongolenreich,bin,0.012658227848101266,nominal_multi
70,vectortyp_mittelraum_Spanien,bin,0.012658227848101266,nominal_multi
71,vectortyp_mittelraum_China,bin,0.012658227848101266,nominal_multi
72,vectortyp_mittelraum_Russland,bin,0.012658227848101266,nominal_multi
73,vectortyp_mittelraum_Dänemark,bin,0.012658227848101266,nominal_multi
74,vectortyp_mittelraum_Polen,bin,0.012658227848101266,nominal_multi
75,vectortyp_mittelraum_Deutscher Bund,bin,0.012658227848101266,nominal_multi
76,vectortyp_mittelraum_Großbritannien,bin,0.012658227848101266,nominal_multi
77,vectortyp_mittelraum_Palästina,bin,0.012658227848101266,nominal_multi
78,vectortyp_mittelraum_Persien,bin,0.012658227848101266,nominal_multi
79,vectortyp_mittelraum_Makedonien,bin,0.012658227848101266,nominal_multi
80,vectortyp_mittelraum_Kleinasien,bin,0.012658227848101266,nominal_multi
81,vectortyp_mittelraum_Karthago,bin,0.012658227848101266,nominal_multi
82,vectortyp_mittelraum_Gallien,bin,0.012658227848101266,nominal_multi
83,vectortyp_mittelraum_Byzantinisches Reich,bin,0.012658227848101266,nominal_multi
84,vectortyp_mittelraum_Bulgarien,bin,0.012658227848101266,nominal_multi
85,vectortyp_mittelraum_Norwegen,bin,0.012658227848101266,nominal_multi
86,vectortyp_mittelraum_Burgund,bin,0.012658227848101266,nominal_multi
87,vectortyp_mittelraum_Flandern,bin,0.012658227848101266,nominal_multi
88,vectortyp_mittelraum_Schottland,bin,0.012658227848101266,nominal_multi
89,vectortyp_mittelraum_Serbien,bin,0.012658227848101266,nominal_multi
90,vectortyp_mittelraum_Schweden,bin,0.012658227848101266,nominal_multi
91,vectortyp_mittelraum_Osmanisches Reich,bin,0.012658227848101266,nominal_multi
92,vectortyp_mittelraum_Österreich,bin,0.012658227848101266,nominal_multi
93,vectortyp_mittelraum_Venezuela,bin,0.012658227848101266,nominal_multi
94,vectortyp_mittelraum_Deutsches Kaiserreich,bin,0.012658227848101266,nominal_multi
95,vectortyp_mittelraum_Lydien,bin,0.012658227848101266,nominal_multi
96,vectortyp_mittelraum_Österreich-Ungarn,bin,0.012658227848101266,nominal_multi
97,vectortyp_mittelraum_Kroatien,bin,0.012658227848101266,nominal_multi
98,vectortyp_mittelraum_Belgien,bin,0.012658227848101266,nominal_multi
99,vectortyp_mittelraum_Böhmen,bin,0.012658227848101266,nominal_multi
100,vectortyp_mittelraum_Mexiko,bin,0.012658227848101266,nominal_multi
101,vectortyp_mittelraum_Bosnien-Herzegowina,bin,0.012658227848101266,nominal_multi
102,vectortyp_mittelraum_Island,bin,0.012658227848101266,nominal_multi
103,vectortyp_mittelraum_Saudi-Arabien,bin,0.012658227848101266,nominal_multi
104,vectortyp_mittelraum_Deutschordensstaat,bin,0.012658227848101266,nominal_multi
105,vectortyp_mittelraum_Himmel,bin,0.012658227848101266,nominal_multi
106,vectortyp_mittelraum_Balkan,bin,0.012658227848101266,nominal_multi
107,vectortyp_mittelraum_Schweiz,bin,0.012658227848101266,nominal_multi
108,vectortyp_mittelraum_Grönland,bin,0.012658227848101266,nominal_multi
109,vectortyp_mittelraum_USA,bin,0.012658227848101266,nominal_multi
110,vectortyp_mittelraum_Hades,bin,0.012658227848101266,nominal_multi
111,vectortyp_mittelraum_Indien,bin,0.012658227848101266,nominal_multi
112,vectortyp_mittelraum_Bithynien,bin,0.012658227848101266,nominal_multi
113,vectortyp_mittelraum_Phönizien,bin,0.012658227848101266,nominal_multi
114,vectortyp_mittelraum_Türkei,bin,0.012658227848101266,nominal_multi
115,vectortyp_mittelraum_Syrien,bin,0.012658227848101266,nominal_multi
116,vectortyp_mittelraum_Kleinarmenien,bin,0.012658227848101266,nominal_multi
117,vectortyp_mittelraum_Deutscher raum,bin,0.012658227848101266,nominal_multi
118,vectortyp_mittelraum_Deutschland,bin,0.012658227848101266,nominal_multi
119,vectortyp_mittelraum_England,bin,0.012658227848101266,nominal_multi
120,vectortyp_mittelraum_Heiliges Römisches Reich [Thüringen|,bin,0.012658227848101266,nominal_multi
121,vectortyp_mittelraum_Atlantik,bin,0.012658227848101266,nominal_multi
122,vectortyp_mittelraum_Ostsee,bin,0.012658227848101266,nominal_multi
123,vectortyp_mittelraum_Deutsch-Ostafrika,bin,0.012658227848101266,nominal_multi
124,vectortyp_mittelraum_Afghanistan,bin,0.012658227848101266,nominal_multi
125,vectortyp_mittelraum_Karibik,bin,0.012658227848101266,nominal_multi
126,vectortyp_mittelraum_Heiliges Römisches Reich [Italien|,bin,0.012658227848101266,nominal_multi
127,vectortyp_mittelraum_Tschechien,bin,0.012658227848101266,nominal_multi
128,vectortyp_mittelraum_Hölle,bin,0.012658227848101266,nominal_multi
129,vectortyp_kleinraum_Merseburg,bin,0.0016181229773462784,nominal_multi
130,vectortyp_kleinraum_None,bin,0.0016181229773462784,nominal_multi
131,vectortyp_kleinraum_Thermopylen,bin,0.0016181229773462784,nominal_multi
132,vectortyp_kleinraum_Karthago,bin,0.0016181229773462784,nominal_multi
133,vectortyp_kleinraum_Aachen,bin,0.0016181229773462784,nominal_multi
134,vectortyp_kleinraum_Bamberg,bin,0.0016181229773462784,nominal_multi
135,vectortyp_kleinraum_Wartburg,bin,0.0016181229773462784,nominal_multi
136,vectortyp_kleinraum_Göllheim,bin,0.0016181229773462784,nominal_multi
137,vectortyp_kleinraum_Windisch,bin,0.0016181229773462784,nominal_multi
138,vectortyp_kleinraum_Freiburg,bin,0.0016181229773462784,nominal_multi
139,vectortyp_kleinraum_Konstanz,bin,0.0016181229773462784,nominal_multi
140,vectortyp_kleinraum_Ziegenhain,bin,0.0016181229773462784,nominal_multi
141,vectortyp_kleinraum_Passau,bin,0.0016181229773462784,nominal_multi
142,vectortyp_kleinraum_Magdeburg,bin,0.0016181229773462784,nominal_multi
143,vectortyp_kleinraum_Pressburg,bin,0.0016181229773462784,nominal_multi
144,vectortyp_kleinraum_Brünn,bin,0.0016181229773462784,nominal_multi
145,vectortyp_kleinraum_Waterloo,bin,0.0016181229773462784,nominal_multi
146,vectortyp_kleinraum_Katzbach,bin,0.0016181229773462784,nominal_multi
147,vectortyp_kleinraum_Grandson,bin,0.0016181229773462784,nominal_multi
148,vectortyp_kleinraum_Murten,bin,0.0016181229773462784,nominal_multi
149,vectortyp_kleinraum_Nancy,bin,0.0016181229773462784,nominal_multi
150,vectortyp_kleinraum_Pavia,bin,0.0016181229773462784,nominal_multi
151,vectortyp_kleinraum_Buonconvento,bin,0.0016181229773462784,nominal_multi
152,vectortyp_kleinraum_Lübeck,bin,0.0016181229773462784,nominal_multi
153,vectortyp_kleinraum_Pretzsch,bin,0.0016181229773462784,nominal_multi
154,vectortyp_kleinraum_Enger,bin,0.0016181229773462784,nominal_multi
155,vectortyp_kleinraum_Wittenberg,bin,0.0016181229773462784,nominal_multi
156,vectortyp_kleinraum_Worms,bin,0.0016181229773462784,nominal_multi
157,vectortyp_kleinraum_Hemmingstedt,bin,0.0016181229773462784,nominal_multi
158,vectortyp_kleinraum_Leipzig,bin,0.0016181229773462784,nominal_multi
159,vectortyp_kleinraum_Athen,bin,0.0016181229773462784,nominal_multi
160,vectortyp_kleinraum_Spoleto,bin,0.0016181229773462784,nominal_multi
161,vectortyp_kleinraum_Kleinhelfendorf,bin,0.0016181229773462784,nominal_multi
162,vectortyp_kleinraum_Kaiserswerth,bin,0.0016181229773462784,nominal_multi
163,vectortyp_kleinraum_Rhein,bin,0.0016181229773462784,nominal_multi
164,vectortyp_kleinraum_Werden,bin,0.0016181229773462784,nominal_multi
165,vectortyp_kleinraum_Köln,bin,0.0016181229773462784,nominal_multi
166,vectortyp_kleinraum_Straßburg,bin,0.0016181229773462784,nominal_multi
167,vectortyp_kleinraum_Landshut,bin,0.0016181229773462784,nominal_multi
168,vectortyp_kleinraum_St. Gallen,bin,0.0016181229773462784,nominal_multi
169,vectortyp_kleinraum_Lahneck,bin,0.0016181229773462784,nominal_multi
170,vectortyp_kleinraum_Mainz,bin,0.0016181229773462784,nominal_multi
171,vectortyp_kleinraum_Morgarten,bin,0.0016181229773462784,nominal_multi
172,vectortyp_kleinraum_München,bin,0.0016181229773462784,nominal_multi
173,vectortyp_kleinraum_Trausnitz,bin,0.0016181229773462784,nominal_multi
174,vectortyp_kleinraum_Wolfenbüttel,bin,0.0016181229773462784,nominal_multi
175,vectortyp_kleinraum_Fritzlar,bin,0.0016181229773462784,nominal_multi
176,vectortyp_kleinraum_Kues,bin,0.0016181229773462784,nominal_multi
177,vectortyp_kleinraum_Regensburg,bin,0.0016181229773462784,nominal_multi
178,vectortyp_kleinraum_Frankenhausen,bin,0.0016181229773462784,nominal_multi
179,vectortyp_kleinraum_Mühlhausen,bin,0.0016181229773462784,nominal_multi
180,vectortyp_kleinraum_Basel,bin,0.0016181229773462784,nominal_multi
181,vectortyp_kleinraum_Kappel,bin,0.0016181229773462784,nominal_multi
182,vectortyp_kleinraum_Münster,bin,0.0016181229773462784,nominal_multi
183,vectortyp_kleinraum_Trier,bin,0.0016181229773462784,nominal_multi
184,vectortyp_kleinraum_Erfurt,bin,0.0016181229773462784,nominal_multi
185,vectortyp_kleinraum_Schlenderhan,bin,0.0016181229773462784,nominal_multi
186,vectortyp_kleinraum_Dachau,bin,0.0016181229773462784,nominal_multi
187,vectortyp_kleinraum_Wien,bin,0.0016181229773462784,nominal_multi
188,vectortyp_kleinraum_Jena,bin,0.0016181229773462784,nominal_multi
189,vectortyp_kleinraum_Hamburg,bin,0.0016181229773462784,nominal_multi
190,vectortyp_kleinraum_Brandenburg an der Havel,bin,0.0016181229773462784,nominal_multi
191,vectortyp_kleinraum_Breda,bin,0.0016181229773462784,nominal_multi
192,vectortyp_kleinraum_Den Haag,bin,0.0016181229773462784,nominal_multi
193,vectortyp_kleinraum_Rheder,bin,0.0016181229773462784,nominal_multi
194,vectortyp_kleinraum_Hohenfriedberg,bin,0.0016181229773462784,nominal_multi
195,vectortyp_kleinraum_Berlin,bin,0.0016181229773462784,nominal_multi
196,vectortyp_kleinraum_Gotha,bin,0.0016181229773462784,nominal_multi
197,vectortyp_kleinraum_Roßbach,bin,0.0016181229773462784,nominal_multi
198,vectortyp_kleinraum_Rom,bin,0.0016181229773462784,nominal_multi
199,vectortyp_kleinraum_Capri,bin,0.0016181229773462784,nominal_multi
200,vectortyp_kleinraum_Granada,bin,0.0016181229773462784,nominal_multi
201,vectortyp_kleinraum_Lepanto,bin,0.0016181229773462784,nominal_multi
202,vectortyp_kleinraum_Macao,bin,0.0016181229773462784,nominal_multi
203,vectortyp_kleinraum_Inkerman,bin,0.0016181229773462784,nominal_multi
204,vectortyp_kleinraum_Ottosund,bin,0.0016181229773462784,nominal_multi
205,vectortyp_kleinraum_Warschau,bin,0.0016181229773462784,nominal_multi
206,vectortyp_kleinraum_Valencia,bin,0.0016181229773462784,nominal_multi
207,vectortyp_kleinraum_Bullerborn,bin,0.0016181229773462784,nominal_multi
208,vectortyp_kleinraum_Quedlinburg,bin,0.0016181229773462784,nominal_multi
209,vectortyp_kleinraum_Ratzeburg,bin,0.0016181229773462784,nominal_multi
210,vectortyp_kleinraum_Treuenbrietzen,bin,0.0016181229773462784,nominal_multi
211,vectortyp_kleinraum_Bernau,bin,0.0016181229773462784,nominal_multi
212,vectortyp_kleinraum_Stralsund,bin,0.0016181229773462784,nominal_multi
213,vectortyp_kleinraum_Potsdam,bin,0.0016181229773462784,nominal_multi
214,vectortyp_kleinraum_Minden,bin,0.0016181229773462784,nominal_multi
215,vectortyp_kleinraum_Lobositz,bin,0.0016181229773462784,nominal_multi
216,vectortyp_kleinraum_Hochkirch,bin,0.0016181229773462784,nominal_multi
217,vectortyp_kleinraum_Kunersdorf,bin,0.0016181229773462784,nominal_multi
218,vectortyp_kleinraum_Zorndorf,bin,0.0016181229773462784,nominal_multi
219,vectortyp_kleinraum_Elba,bin,0.0016181229773462784,nominal_multi
220,vectortyp_kleinraum_Düppel,bin,0.0016181229773462784,nominal_multi
221,vectortyp_kleinraum_Burg Plaue,bin,0.0016181229773462784,nominal_multi
222,vectortyp_kleinraum_Lichtenburg,bin,0.0016181229773462784,nominal_multi
223,vectortyp_kleinraum_Krossen,bin,0.0016181229773462784,nominal_multi
224,vectortyp_kleinraum_Breslau,bin,0.0016181229773462784,nominal_multi
225,vectortyp_kleinraum_Kesselsdorf,bin,0.0016181229773462784,nominal_multi
226,vectortyp_kleinraum_Dresden,bin,0.0016181229773462784,nominal_multi
227,vectortyp_kleinraum_Leuthen,bin,0.0016181229773462784,nominal_multi
228,vectortyp_kleinraum_Charlottenburg,bin,0.0016181229773462784,nominal_multi
229,vectortyp_kleinraum_Kolberg,bin,0.0016181229773462784,nominal_multi
230,vectortyp_kleinraum_Gitschin,bin,0.0016181229773462784,nominal_multi
231,vectortyp_kleinraum_Königgrätz,bin,0.0016181229773462784,nominal_multi
232,vectortyp_kleinraum_Kyffhäuser,bin,0.0016181229773462784,nominal_multi
233,vectortyp_kleinraum_Miseno,bin,0.0016181229773462784,nominal_multi
234,vectortyp_kleinraum_Southampton,bin,0.0016181229773462784,nominal_multi
235,vectortyp_kleinraum_Paris,bin,0.0016181229773462784,nominal_multi
236,vectortyp_kleinraum_Ostrolenka,bin,0.0016181229773462784,nominal_multi
237,vectortyp_kleinraum_Hohenstaufen,bin,0.0016181229773462784,nominal_multi
238,vectortyp_kleinraum_Hohenzollern,bin,0.0016181229773462784,nominal_multi
239,vectortyp_kleinraum_Rudolstadt,bin,0.0016181229773462784,nominal_multi
240,vectortyp_kleinraum_Moskau,bin,0.0016181229773462784,nominal_multi
241,vectortyp_kleinraum_Gilboa,bin,0.0016181229773462784,nominal_multi
242,vectortyp_kleinraum_Jerusalem,bin,0.0016181229773462784,nominal_multi
243,vectortyp_kleinraum_Babylon,bin,0.0016181229773462784,nominal_multi
244,vectortyp_kleinraum_Abydos,bin,0.0016181229773462784,nominal_multi
245,vectortyp_kleinraum_Sparta,bin,0.0016181229773462784,nominal_multi
246,vectortyp_kleinraum_Ephesos,bin,0.0016181229773462784,nominal_multi
247,vectortyp_kleinraum_Ebro,bin,0.0016181229773462784,nominal_multi
248,vectortyp_kleinraum_Alesia,bin,0.0016181229773462784,nominal_multi
249,vectortyp_kleinraum_Rügen,bin,0.0016181229773462784,nominal_multi
250,vectortyp_kleinraum_Phalar,bin,0.0016181229773462784,nominal_multi
251,vectortyp_kleinraum_Narbonne,bin,0.0016181229773462784,nominal_multi
252,vectortyp_kleinraum_Katalaunische Felder,bin,0.0016181229773462784,nominal_multi
253,vectortyp_kleinraum_Ravenna,bin,0.0016181229773462784,nominal_multi
254,vectortyp_kleinraum_Bern,bin,0.0016181229773462784,nominal_multi
255,vectortyp_kleinraum_Chalkedon,bin,0.0016181229773462784,nominal_multi
256,vectortyp_kleinraum_Geismar,bin,0.0016181229773462784,nominal_multi
257,vectortyp_kleinraum_Dokkum,bin,0.0016181229773462784,nominal_multi
258,vectortyp_kleinraum_Frankfurt,bin,0.0016181229773462784,nominal_multi
259,vectortyp_kleinraum_Utrecht,bin,0.0016181229773462784,nominal_multi
260,vectortyp_kleinraum_Edington,bin,0.0016181229773462784,nominal_multi
261,vectortyp_kleinraum_Wedmore,bin,0.0016181229773462784,nominal_multi
262,vectortyp_kleinraum_Weilburg,bin,0.0016181229773462784,nominal_multi
263,vectortyp_kleinraum_Lenzen,bin,0.0016181229773462784,nominal_multi
264,vectortyp_kleinraum_Clermont,bin,0.0016181229773462784,nominal_multi
265,vectortyp_kleinraum_Goslar,bin,0.0016181229773462784,nominal_multi
266,vectortyp_kleinraum_Brennabor,bin,0.0016181229773462784,nominal_multi
267,vectortyp_kleinraum_Stendal,bin,0.0016181229773462784,nominal_multi
268,vectortyp_kleinraum_Susa,bin,0.0016181229773462784,nominal_multi
269,vectortyp_kleinraum_Trifels,bin,0.0016181229773462784,nominal_multi
270,vectortyp_kleinraum_Bouvines,bin,0.0016181229773462784,nominal_multi
271,vectortyp_kleinraum_Lucera,bin,0.0016181229773462784,nominal_multi
272,vectortyp_kleinraum_Benevent,bin,0.0016181229773462784,nominal_multi
273,vectortyp_kleinraum_Neapel,bin,0.0016181229773462784,nominal_multi
274,vectortyp_kleinraum_Florenz,bin,0.0016181229773462784,nominal_multi
275,vectortyp_kleinraum_Lucka,bin,0.0016181229773462784,nominal_multi
276,vectortyp_kleinraum_Mühldorf,bin,0.0016181229773462784,nominal_multi
277,vectortyp_kleinraum_Fürstenfeld,bin,0.0016181229773462784,nominal_multi
278,vectortyp_kleinraum_Lutterworth,bin,0.0016181229773462784,nominal_multi
279,vectortyp_kleinraum_Peniskola,bin,0.0016181229773462784,nominal_multi
280,vectortyp_kleinraum_Stettin,bin,0.0016181229773462784,nominal_multi
281,vectortyp_kleinraum_Gent,bin,0.0016181229773462784,nominal_multi
282,vectortyp_kleinraum_Brügge,bin,0.0016181229773462784,nominal_multi
283,vectortyp_kleinraum_Valladolid,bin,0.0016181229773462784,nominal_multi
284,vectortyp_kleinraum_Augsburg,bin,0.0016181229773462784,nominal_multi
285,vectortyp_kleinraum_Einsiedeln,bin,0.0016181229773462784,nominal_multi
286,vectortyp_kleinraum_Brescia,bin,0.0016181229773462784,nominal_multi
287,vectortyp_kleinraum_Osen,bin,0.0016181229773462784,nominal_multi
288,vectortyp_kleinraum_Genua,bin,0.0016181229773462784,nominal_multi
289,vectortyp_kleinraum_Torgau,bin,0.0016181229773462784,nominal_multi
290,vectortyp_kleinraum_Weimar,bin,0.0016181229773462784,nominal_multi
291,vectortyp_kleinraum_Königsberg,bin,0.0016181229773462784,nominal_multi
292,vectortyp_kleinraum_Brüssel,bin,0.0016181229773462784,nominal_multi
293,vectortyp_kleinraum_Edinburgh,bin,0.0016181229773462784,nominal_multi
294,vectortyp_kleinraum_Nürnberg,bin,0.0016181229773462784,nominal_multi
295,vectortyp_kleinraum_Eger,bin,0.0016181229773462784,nominal_multi
296,vectortyp_kleinraum_Neuenburg,bin,0.0016181229773462784,nominal_multi
297,vectortyp_kleinraum_London,bin,0.0016181229773462784,nominal_multi
298,vectortyp_kleinraum_Fehrbellin,bin,0.0016181229773462784,nominal_multi
299,vectortyp_kleinraum_Meißen,bin,0.0016181229773462784,nominal_multi
300,vectortyp_kleinraum_Schleiz,bin,0.0016181229773462784,nominal_multi
301,vectortyp_kleinraum_Roveredo,bin,0.0016181229773462784,nominal_multi
302,vectortyp_kleinraum_Belgrad,bin,0.0016181229773462784,nominal_multi
303,vectortyp_kleinraum_Narwa,bin,0.0016181229773462784,nominal_multi
304,vectortyp_kleinraum_Poltawa,bin,0.0016181229773462784,nominal_multi
305,vectortyp_kleinraum_Pruth,bin,0.0016181229773462784,nominal_multi
306,vectortyp_kleinraum_Kolin,bin,0.0016181229773462784,nominal_multi
307,vectortyp_kleinraum_Nimburg,bin,0.0016181229773462784,nominal_multi
308,vectortyp_kleinraum_Stockholm,bin,0.0016181229773462784,nominal_multi
309,vectortyp_kleinraum_Düsseldorf,bin,0.0016181229773462784,nominal_multi
310,vectortyp_kleinraum_Herrnhut,bin,0.0016181229773462784,nominal_multi
311,vectortyp_kleinraum_Mannheim,bin,0.0016181229773462784,nominal_multi
312,vectortyp_kleinraum_Teplitz,bin,0.0016181229773462784,nominal_multi
313,vectortyp_kleinraum_Lambach,bin,0.0016181229773462784,nominal_multi
314,vectortyp_kleinraum_Frankfurt am Main,bin,0.0016181229773462784,nominal_multi
315,vectortyp_kleinraum_Hall,bin,0.0016181229773462784,nominal_multi
316,vectortyp_kleinraum_Beresina,bin,0.0016181229773462784,nominal_multi
317,vectortyp_kleinraum_Thurnau,bin,0.0016181229773462784,nominal_multi
318,vectortyp_kleinraum_Verona,bin,0.0016181229773462784,nominal_multi
319,vectortyp_kleinraum_Kyme,bin,0.0016181229773462784,nominal_multi
320,vectortyp_kleinraum_Salamis,bin,0.0016181229773462784,nominal_multi
321,vectortyp_kleinraum_Chaironeia,bin,0.0016181229773462784,nominal_multi
322,vectortyp_kleinraum_Paestum,bin,0.0016181229773462784,nominal_multi
323,vectortyp_kleinraum_Vesuv,bin,0.0016181229773462784,nominal_multi
324,vectortyp_kleinraum_Langen,bin,0.0016181229773462784,nominal_multi
325,vectortyp_kleinraum_Kloster Lorch,bin,0.0016181229773462784,nominal_multi
326,vectortyp_kleinraum_Bremen,bin,0.0016181229773462784,nominal_multi
327,vectortyp_kleinraum_Anatolikon,bin,0.0016181229773462784,nominal_multi
328,vectortyp_kleinraum_Weißenburg,bin,0.0016181229773462784,nominal_multi
329,vectortyp_kleinraum_Gravelotte,bin,0.0016181229773462784,nominal_multi
330,vectortyp_kleinraum_Speier,bin,0.0016181229773462784,nominal_multi
331,vectortyp_kleinraum_Sedan,bin,0.0016181229773462784,nominal_multi
332,vectortyp_kleinraum_Eisleben,bin,0.0016181229773462784,nominal_multi
333,vectortyp_kleinraum_Würzburg,bin,0.0016181229773462784,nominal_multi
334,vectortyp_kleinraum_Porta Westfalica,bin,0.0016181229773462784,nominal_multi
335,vectortyp_kleinraum_Bornhöved,bin,0.0016181229773462784,nominal_multi
336,vectortyp_kleinraum_Soest,bin,0.0016181229773462784,nominal_multi
337,vectortyp_kleinraum_Metz,bin,0.0016181229773462784,nominal_multi
338,vectortyp_kleinraum_Donchéry,bin,0.0016181229773462784,nominal_multi
339,vectortyp_kleinraum_Sajo,bin,0.0016181229773462784,nominal_multi
340,vectortyp_kleinraum_Graz,bin,0.0016181229773462784,nominal_multi
341,vectortyp_kleinraum_Kloster Yuste,bin,0.0016181229773462784,nominal_multi
342,vectortyp_kleinraum_Prag,bin,0.0016181229773462784,nominal_multi
343,vectortyp_kleinraum_Sterzing,bin,0.0016181229773462784,nominal_multi
344,vectortyp_kleinraum_Santa Lucia,bin,0.0016181229773462784,nominal_multi
345,vectortyp_kleinraum_Keyeháza,bin,0.0016181229773462784,nominal_multi
346,vectortyp_kleinraum_Salzburg,bin,0.0016181229773462784,nominal_multi
347,vectortyp_kleinraum_Velehrad,bin,0.0016181229773462784,nominal_multi
348,vectortyp_kleinraum_Krakau,bin,0.0016181229773462784,nominal_multi
349,vectortyp_kleinraum_Burg Steier,bin,0.0016181229773462784,nominal_multi
350,vectortyp_kleinraum_Leitha,bin,0.0016181229773462784,nominal_multi
351,vectortyp_kleinraum_Frauenburg,bin,0.0016181229773462784,nominal_multi
352,vectortyp_kleinraum_Reun,bin,0.0016181229773462784,nominal_multi
353,vectortyp_kleinraum_Dürnkrut/Jedenspeigen,bin,0.0016181229773462784,nominal_multi
354,vectortyp_kleinraum_Crécy,bin,0.0016181229773462784,nominal_multi
355,vectortyp_kleinraum_Treviso,bin,0.0016181229773462784,nominal_multi
356,vectortyp_kleinraum_Triest,bin,0.0016181229773462784,nominal_multi
357,vectortyp_kleinraum_Mayerhofen,bin,0.0016181229773462784,nominal_multi
358,vectortyp_kleinraum_Radkersburg,bin,0.0016181229773462784,nominal_multi
359,vectortyp_kleinraum_Sântimbru,bin,0.0016181229773462784,nominal_multi
360,vectortyp_kleinraum_Rann,bin,0.0016181229773462784,nominal_multi
361,vectortyp_kleinraum_St. Leonhard,bin,0.0016181229773462784,nominal_multi
362,vectortyp_kleinraum_Dietrichstein,bin,0.0016181229773462784,nominal_multi
363,vectortyp_kleinraum_Calliano,bin,0.0016181229773462784,nominal_multi
364,vectortyp_kleinraum_Kufstein,bin,0.0016181229773462784,nominal_multi
365,vectortyp_kleinraum_Ulm,bin,0.0016181229773462784,nominal_multi
366,vectortyp_kleinraum_Dregely,bin,0.0016181229773462784,nominal_multi
367,vectortyp_kleinraum_Temeswar,bin,0.0016181229773462784,nominal_multi
368,vectortyp_kleinraum_Vicenza,bin,0.0016181229773462784,nominal_multi
369,vectortyp_kleinraum_Budatschki,bin,0.0016181229773462784,nominal_multi
370,vectortyp_kleinraum_Raab,bin,0.0016181229773462784,nominal_multi
371,vectortyp_kleinraum_Gradisca,bin,0.0016181229773462784,nominal_multi
372,vectortyp_kleinraum_Ingolstadt,bin,0.0016181229773462784,nominal_multi
373,vectortyp_kleinraum_St. Gotthard,bin,0.0016181229773462784,nominal_multi
374,vectortyp_kleinraum_Absam,bin,0.0016181229773462784,nominal_multi
375,vectortyp_kleinraum_Landau,bin,0.0016181229773462784,nominal_multi
376,vectortyp_kleinraum_Malplaquet,bin,0.0016181229773462784,nominal_multi
377,vectortyp_kleinraum_Saragossa,bin,0.0016181229773462784,nominal_multi
378,vectortyp_kleinraum_Trautenau,bin,0.0016181229773462784,nominal_multi
379,vectortyp_kleinraum_Znojmo,bin,0.0016181229773462784,nominal_multi
380,vectortyp_kleinraum_Anschach,bin,0.0016181229773462784,nominal_multi
381,vectortyp_kleinraum_Spinges,bin,0.0016181229773462784,nominal_multi
382,vectortyp_kleinraum_Spings,bin,0.0016181229773462784,nominal_multi
383,vectortyp_kleinraum_Stockach,bin,0.0016181229773462784,nominal_multi
384,vectortyp_kleinraum_Tarvisio,bin,0.0016181229773462784,nominal_multi
385,vectortyp_kleinraum_Bozen,bin,0.0016181229773462784,nominal_multi
386,vectortyp_kleinraum_Kulm,bin,0.0016181229773462784,nominal_multi
387,vectortyp_kleinraum_Tolentino,bin,0.0016181229773462784,nominal_multi
388,vectortyp_kleinraum_Pleterje,bin,0.0016181229773462784,nominal_multi
389,vectortyp_kleinraum_Laxenburg,bin,0.0016181229773462784,nominal_multi
390,vectortyp_kleinraum_Phyrn,bin,0.0016181229773462784,nominal_multi
391,vectortyp_kleinraum_Aspern,bin,0.0016181229773462784,nominal_multi
392,vectortyp_kleinraum_Mailand,bin,0.0016181229773462784,nominal_multi
393,vectortyp_kleinraum_Adria,bin,0.0016181229773462784,nominal_multi
394,vectortyp_kleinraum_Lissa,bin,0.0016181229773462784,nominal_multi
395,vectortyp_kleinraum_Queretaro,bin,0.0016181229773462784,nominal_multi
396,vectortyp_kleinraum_Villach,bin,0.0016181229773462784,nominal_multi
397,vectortyp_kleinraum_Ofen,bin,0.0016181229773462784,nominal_multi
398,vectortyp_kleinraum_Laxenbrug,bin,0.0016181229773462784,nominal_multi
399,vectortyp_kleinraum_Innsbruck,bin,0.0016181229773462784,nominal_multi
400,vectortyp_kleinraum_Klagenfurt,bin,0.0016181229773462784,nominal_multi
401,vectortyp_kleinraum_Olmütz,bin,0.0016181229773462784,nominal_multi
402,vectortyp_kleinraum_Trasimenischer See,bin,0.0016181229773462784,nominal_multi
403,vectortyp_kleinraum_Donau,bin,0.0016181229773462784,nominal_multi
404,vectortyp_kleinraum_Alexandria,bin,0.0016181229773462784,nominal_multi
405,vectortyp_kleinraum_Altenstein,bin,0.0016181229773462784,nominal_multi
406,vectortyp_kleinraum_Leitmeritz,bin,0.0016181229773462784,nominal_multi
407,vectortyp_kleinraum_Rathenow,bin,0.0016181229773462784,nominal_multi
408,vectortyp_kleinraum_Höchstädt,bin,0.0016181229773462784,nominal_multi
409,vectortyp_kleinraum_Friedrichshall,bin,0.0016181229773462784,nominal_multi
410,vectortyp_kleinraum_Auerstädt,bin,0.0016181229773462784,nominal_multi
411,vectortyp_kleinraum_Hase,bin,0.0016181229773462784,nominal_multi
412,vectortyp_kleinraum_Wittenfelde,bin,0.0016181229773462784,nominal_multi
413,vectortyp_kleinraum_Königspfalz Attigny,bin,0.0016181229773462784,nominal_multi
414,vectortyp_kleinraum_Turin,bin,0.0016181229773462784,nominal_multi
415,vectortyp_kleinraum_Teutoburger Wald,bin,0.0016181229773462784,nominal_multi
416,vectortyp_kleinraum_Ingelheim,bin,0.0016181229773462784,nominal_multi
417,vectortyp_kleinraum_Stübeckshorn,bin,0.0016181229773462784,nominal_multi
418,vectortyp_kleinraum_Lützen,bin,0.0016181229773462784,nominal_multi
419,vectortyp_kleinraum_Wirgendorf,bin,0.0016181229773462784,nominal_multi
420,vectortyp_kleinraum_Bad Wildbad,bin,0.0016181229773462784,nominal_multi
421,vectortyp_kleinraum_Rüdesheim,bin,0.0016181229773462784,nominal_multi
422,vectortyp_kleinraum_Vogelherd,bin,0.0016181229773462784,nominal_multi
423,vectortyp_kleinraum_Coburg,bin,0.0016181229773462784,nominal_multi
424,vectortyp_kleinraum_Mons Lactarius,bin,0.0016181229773462784,nominal_multi
425,vectortyp_kleinraum_Naumburg (Saale),bin,0.0016181229773462784,nominal_multi
426,vectortyp_kleinraum_Sempach,bin,0.0016181229773462784,nominal_multi
427,vectortyp_kleinraum_Losensteinleiten,bin,0.0016181229773462784,nominal_multi
428,vectortyp_kleinraum_Burg Falkenstein,bin,0.0016181229773462784,nominal_multi
429,vectortyp_kleinraum_Lüneburg,bin,0.0016181229773462784,nominal_multi
430,vectortyp_kleinraum_Wörth,bin,0.0016181229773462784,nominal_multi
431,vectortyp_kleinraum_Vionville,bin,0.0016181229773462784,nominal_multi
432,vectortyp_kleinraum_Belfort,bin,0.0016181229773462784,nominal_multi
433,vectortyp_kleinraum_Lemarsee,bin,0.0016181229773462784,nominal_multi
434,vectortyp_kleinraum_Sirmium,bin,0.0016181229773462784,nominal_multi
435,vectortyp_kleinraum_Corvey,bin,0.0016181229773462784,nominal_multi
436,vectortyp_kleinraum_Chillon,bin,0.0016181229773462784,nominal_multi
437,vectortyp_kleinraum_Bernburg,bin,0.0016181229773462784,nominal_multi
438,vectortyp_kleinraum_Cambrai,bin,0.0016181229773462784,nominal_multi
439,vectortyp_kleinraum_Halle,bin,0.0016181229773462784,nominal_multi
440,vectortyp_kleinraum_Weser,bin,0.0016181229773462784,nominal_multi
441,vectortyp_kleinraum_Sylt,bin,0.0016181229773462784,nominal_multi
442,vectortyp_kleinraum_Italien,bin,0.0016181229773462784,nominal_multi
443,vectortyp_kleinraum_Taginae,bin,0.0016181229773462784,nominal_multi
444,vectortyp_kleinraum_Landeck,bin,0.0016181229773462784,nominal_multi
445,vectortyp_kleinraum_Eresburg,bin,0.0016181229773462784,nominal_multi
446,vectortyp_kleinraum_Helgoland,bin,0.0016181229773462784,nominal_multi
447,vectortyp_kleinraum_Wessobrunn,bin,0.0016181229773462784,nominal_multi
448,vectortyp_kleinraum_Wissembourg,bin,0.0016181229773462784,nominal_multi
449,vectortyp_kleinraum_Burg,bin,0.0016181229773462784,nominal_multi
450,vectortyp_kleinraum_Pombia,bin,0.0016181229773462784,nominal_multi
451,vectortyp_kleinraum_Capo Colonna,bin,0.0016181229773462784,nominal_multi
452,vectortyp_kleinraum_Rossano,bin,0.0016181229773462784,nominal_multi
453,vectortyp_kleinraum_Bodfeld,bin,0.0016181229773462784,nominal_multi
454,vectortyp_kleinraum_Canossa,bin,0.0016181229773462784,nominal_multi
455,vectortyp_kleinraum_Speyer,bin,0.0016181229773462784,nominal_multi
456,vectortyp_kleinraum_Chiavenna,bin,0.0016181229773462784,nominal_multi
457,vectortyp_kleinraum_Akkon,bin,0.0016181229773462784,nominal_multi
458,vectortyp_kleinraum_Stahleck,bin,0.0016181229773462784,nominal_multi
459,vectortyp_kleinraum_Nordhausen,bin,0.0016181229773462784,nominal_multi
460,vectortyp_kleinraum_Hagen,bin,0.0016181229773462784,nominal_multi
461,vectortyp_kleinraum_Cosenza,bin,0.0016181229773462784,nominal_multi
462,vectortyp_kleinraum_Pisa,bin,0.0016181229773462784,nominal_multi
463,vectortyp_kleinraum_Braunschweig,bin,0.0016181229773462784,nominal_multi
464,vectortyp_kleinraum_Luceria,bin,0.0016181229773462784,nominal_multi
465,vectortyp_kleinraum_Hoogwoud,bin,0.0016181229773462784,nominal_multi
466,vectortyp_kleinraum_Caub,bin,0.0016181229773462784,nominal_multi
467,vectortyp_kleinraum_Falkenstein,bin,0.0016181229773462784,nominal_multi
468,vectortyp_kleinraum_Königsfelden,bin,0.0016181229773462784,nominal_multi
469,vectortyp_kleinraum_Eltville am Rhein,bin,0.0016181229773462784,nominal_multi
470,vectortyp_kleinraum_Jagsthausen,bin,0.0016181229773462784,nominal_multi
471,vectortyp_kleinraum_Dalheim,bin,0.0016181229773462784,nominal_multi
472,vectortyp_kleinraum_Jüterbog,bin,0.0016181229773462784,nominal_multi
473,vectortyp_kleinraum_Rakovica,bin,0.0016181229773462784,nominal_multi
474,vectortyp_kleinraum_Rain (Lech),bin,0.0016181229773462784,nominal_multi
475,vectortyp_kleinraum_Schmeheim,bin,0.0016181229773462784,nominal_multi
476,vectortyp_kleinraum_Brieg,bin,0.0016181229773462784,nominal_multi
477,vectortyp_kleinraum_Glogau,bin,0.0016181229773462784,nominal_multi
478,vectortyp_kleinraum_Mollwitz,bin,0.0016181229773462784,nominal_multi
479,vectortyp_kleinraum_Moys,bin,0.0016181229773462784,nominal_multi
480,vectortyp_kleinraum_Bunzelwitz,bin,0.0016181229773462784,nominal_multi
481,vectortyp_kleinraum_Bayreuth,bin,0.0016181229773462784,nominal_multi
482,vectortyp_kleinraum_Rexpoede,bin,0.0016181229773462784,nominal_multi
483,vectortyp_kleinraum_Kosel,bin,0.0016181229773462784,nominal_multi
484,vectortyp_kleinraum_Küchelberg,bin,0.0016181229773462784,nominal_multi
485,vectortyp_kleinraum_Dennewitz,bin,0.0016181229773462784,nominal_multi
486,vectortyp_kleinraum_Quatrenras,bin,0.0016181229773462784,nominal_multi
487,vectortyp_kleinraum_Holtrup,bin,0.0016181229773462784,nominal_multi
488,vectortyp_kleinraum_Kolding,bin,0.0016181229773462784,nominal_multi
489,vectortyp_kleinraum_Idstedt,bin,0.0016181229773462784,nominal_multi
490,vectortyp_kleinraum_Friedrichstadt,bin,0.0016181229773462784,nominal_multi
491,vectortyp_kleinraum_Dannewerk,bin,0.0016181229773462784,nominal_multi
492,vectortyp_kleinraum_Langensalza,bin,0.0016181229773462784,nominal_multi
493,vectortyp_kleinraum_Querétaro,bin,0.0016181229773462784,nominal_multi
494,vectortyp_kleinraum_Thionville,bin,0.0016181229773462784,nominal_multi
495,vectortyp_kleinraum_Garzin,bin,0.0016181229773462784,nominal_multi
496,vectortyp_kleinraum_Kremmener Damm,bin,0.0016181229773462784,nominal_multi
497,vectortyp_kleinraum_Kölln,bin,0.0016181229773462784,nominal_multi
498,vectortyp_kleinraum_Pforzheim,bin,0.0016181229773462784,nominal_multi
499,vectortyp_kleinraum_Marienburg,bin,0.0016181229773462784,nominal_multi
500,vectortyp_kleinraum_Rudau,bin,0.0016181229773462784,nominal_multi
501,vectortyp_kleinraum_Tannenberg,bin,0.0016181229773462784,nominal_multi
502,vectortyp_kleinraum_Solothurn,bin,0.0016181229773462784,nominal_multi
503,vectortyp_kleinraum_Dessau,bin,0.0016181229773462784,nominal_multi
504,vectortyp_kleinraum_Donauwörth,bin,0.0016181229773462784,nominal_multi
505,vectortyp_kleinraum_Bardowick,bin,0.0016181229773462784,nominal_multi
506,vectortyp_kleinraum_Leveste,bin,0.0016181229773462784,nominal_multi
507,vectortyp_kleinraum_Hersfeld,bin,0.0016181229773462784,nominal_multi
508,vectortyp_kleinraum_Schmilau,bin,0.0016181229773462784,nominal_multi
509,vectortyp_kleinraum_Ringsted,bin,0.0016181229773462784,nominal_multi
510,vectortyp_kleinraum_Poel,bin,0.0016181229773462784,nominal_multi
511,vectortyp_kleinraum_Walsmühlen,bin,0.0016181229773462784,nominal_multi
512,vectortyp_kleinraum_Vineta,bin,0.0016181229773462784,nominal_multi
513,vectortyp_kleinraum_Wettin,bin,0.0016181229773462784,nominal_multi
514,vectortyp_kleinraum_Elster,bin,0.0016181229773462784,nominal_multi
515,vectortyp_kleinraum_Freiberg,bin,0.0016181229773462784,nominal_multi
516,vectortyp_kleinraum_Lochau,bin,0.0016181229773462784,nominal_multi
517,vectortyp_kleinraum_Sivershausen,bin,0.0016181229773462784,nominal_multi
518,vectortyp_kleinraum_Altenesch,bin,0.0016181229773462784,nominal_multi
519,vectortyp_kleinraum_Eiderstet,bin,0.0016181229773462784,nominal_multi
520,vectortyp_kleinraum_Oldenswort,bin,0.0016181229773462784,nominal_multi
521,vectortyp_kleinraum_Oldenwörden,bin,0.0016181229773462784,nominal_multi
522,vectortyp_kleinraum_Helsingör,bin,0.0016181229773462784,nominal_multi
523,vectortyp_kleinraum_Heide,bin,0.0016181229773462784,nominal_multi
524,vectortyp_kleinraum_Meldorf,bin,0.0016181229773462784,nominal_multi
525,vectortyp_kleinraum_Gevelsberg,bin,0.0016181229773462784,nominal_multi
526,vectortyp_kleinraum_Göppingen,bin,0.0016181229773462784,nominal_multi
527,vectortyp_kleinraum_Besançon,bin,0.0016181229773462784,nominal_multi
528,vectortyp_kleinraum_Lüttich,bin,0.0016181229773462784,nominal_multi
529,vectortyp_kleinraum_Bonn,bin,0.0016181229773462784,nominal_multi
530,vectortyp_kleinraum_Vercelli,bin,0.0016181229773462784,nominal_multi
531,vectortyp_kleinraum_Pfünz,bin,0.0016181229773462784,nominal_multi
532,vectortyp_kleinraum_Deutz,bin,0.0016181229773462784,nominal_multi
533,vectortyp_kleinraum_Olympia,bin,0.0016181229773462784,nominal_multi
534,vectortyp_kleinraum_Kastell Favianis,bin,0.0016181229773462784,nominal_multi
535,vectortyp_kleinraum_Lorsch,bin,0.0016181229773462784,nominal_multi
536,vectortyp_kleinraum_Reichenau,bin,0.0016181229773462784,nominal_multi
537,vectortyp_kleinraum_Harzburg,bin,0.0016181229773462784,nominal_multi
538,vectortyp_kleinraum_Lutter am Barenberge,bin,0.0016181229773462784,nominal_multi
539,vectortyp_kleinraum_Hastings,bin,0.0016181229773462784,nominal_multi
540,vectortyp_kleinraum_Palermo,bin,0.0016181229773462784,nominal_multi
541,vectortyp_kleinraum_Gralsburg,bin,0.0016181229773462784,nominal_multi
542,vectortyp_kleinraum_Liegnitz,bin,0.0016181229773462784,nominal_multi
543,vectortyp_kleinraum_Bodensee,bin,0.0016181229773462784,nominal_multi
544,vectortyp_kleinraum_Viterbo,bin,0.0016181229773462784,nominal_multi
545,vectortyp_kleinraum_Bologna,bin,0.0016181229773462784,nominal_multi
546,vectortyp_kleinraum_Koblenz,bin,0.0016181229773462784,nominal_multi
547,vectortyp_kleinraum_Znaim,bin,0.0016181229773462784,nominal_multi
548,vectortyp_kleinraum_Wimpfen,bin,0.0016181229773462784,nominal_multi
549,vectortyp_kleinraum_Peenemünde,bin,0.0016181229773462784,nominal_multi
550,vectortyp_kleinraum_Rippoldsau,bin,0.0016181229773462784,nominal_multi
551,vectortyp_kleinraum_Solingen,bin,0.0016181229773462784,nominal_multi
552,vectortyp_kleinraum_Kassel,bin,0.0016181229773462784,nominal_multi
553,vectortyp_kleinraum_Cumberland Gap,bin,0.0016181229773462784,nominal_multi
554,vectortyp_kleinraum_Bad Langensalza,bin,0.0016181229773462784,nominal_multi
555,vectortyp_kleinraum_Gotthardtunnel,bin,0.0016181229773462784,nominal_multi
556,vectortyp_kleinraum_Schloss Neuschwanstein,bin,0.0016181229773462784,nominal_multi
557,vectortyp_kleinraum_Kiel,bin,0.0016181229773462784,nominal_multi
558,vectortyp_kleinraum_Agen,bin,0.0016181229773462784,nominal_multi
559,vectortyp_kleinraum_Zürich,bin,0.0016181229773462784,nominal_multi
560,vectortyp_kleinraum_Küsnacht,bin,0.0016181229773462784,nominal_multi
561,vectortyp_kleinraum_Dalarn,bin,0.0016181229773462784,nominal_multi
562,vectortyp_kleinraum_Friedrichsruh,bin,0.0016181229773462784,nominal_multi
563,vectortyp_kleinraum_Walhalla,bin,0.0016181229773462784,nominal_multi
564,vectortyp_kleinraum_Nord-Ostsee-Kanal,bin,0.0016181229773462784,nominal_multi
565,vectortyp_kleinraum_Roncesvalles,bin,0.0016181229773462784,nominal_multi
566,vectortyp_kleinraum_Lechfeld,bin,0.0016181229773462784,nominal_multi
567,vectortyp_kleinraum_Schloss Hammerstein,bin,0.0016181229773462784,nominal_multi
568,vectortyp_kleinraum_Etsch,bin,0.0016181229773462784,nominal_multi
569,vectortyp_kleinraum_Meuchen,bin,0.0016181229773462784,nominal_multi
570,vectortyp_kleinraum_Eckernförde,bin,0.0016181229773462784,nominal_multi
571,vectortyp_kleinraum_Mars-la-Tour,bin,0.0016181229773462784,nominal_multi
572,vectortyp_kleinraum_Tours,bin,0.0016181229773462784,nominal_multi
573,vectortyp_kleinraum_Altmoos,bin,0.0016181229773462784,nominal_multi
574,vectortyp_kleinraum_Neuburg,bin,0.0016181229773462784,nominal_multi
575,vectortyp_kleinraum_Lupstein,bin,0.0016181229773462784,nominal_multi
576,vectortyp_kleinraum_Leerort,bin,0.0016181229773462784,nominal_multi
577,vectortyp_kleinraum_Totenhausen,bin,0.0016181229773462784,nominal_multi
578,vectortyp_kleinraum_Lesbos,bin,0.0016181229773462784,nominal_multi
579,vectortyp_kleinraum_Dodona,bin,0.0016181229773462784,nominal_multi
580,vectortyp_kleinraum_Troja,bin,0.0016181229773462784,nominal_multi
581,vectortyp_kleinraum_Catania,bin,0.0016181229773462784,nominal_multi
582,vectortyp_kleinraum_Argos,bin,0.0016181229773462784,nominal_multi
583,vectortyp_kleinraum_Delphi,bin,0.0016181229773462784,nominal_multi
584,vectortyp_kleinraum_Syrakus,bin,0.0016181229773462784,nominal_multi
585,vectortyp_kleinraum_Pharsalos,bin,0.0016181229773462784,nominal_multi
586,vectortyp_kleinraum_Ätna,bin,0.0016181229773462784,nominal_multi
587,vectortyp_kleinraum_Marathon,bin,0.0016181229773462784,nominal_multi
588,vectortyp_kleinraum_Dardanellen,bin,0.0016181229773462784,nominal_multi
589,vectortyp_kleinraum_Hellespont,bin,0.0016181229773462784,nominal_multi
590,vectortyp_kleinraum_Magnesia,bin,0.0016181229773462784,nominal_multi
591,vectortyp_kleinraum_Mantinea,bin,0.0016181229773462784,nominal_multi
592,vectortyp_kleinraum_Elis,bin,0.0016181229773462784,nominal_multi
593,vectortyp_kleinraum_Chaironea,bin,0.0016181229773462784,nominal_multi
594,vectortyp_kleinraum_Hydaspes,bin,0.0016181229773462784,nominal_multi
595,vectortyp_kleinraum_Megalopolis,bin,0.0016181229773462784,nominal_multi
596,vectortyp_kleinraum_Termopylen,bin,0.0016181229773462784,nominal_multi
597,vectortyp_kleinraum_Asculum,bin,0.0016181229773462784,nominal_multi
598,vectortyp_kleinraum_Gebze,bin,0.0016181229773462784,nominal_multi
599,vectortyp_kleinraum_Pistoria,bin,0.0016181229773462784,nominal_multi
600,vectortyp_kleinraum_Alexandrien,bin,0.0016181229773462784,nominal_multi
601,vectortyp_kleinraum_Tivoli,bin,0.0016181229773462784,nominal_multi
602,vectortyp_kleinraum_Kerkenna-Inseln,bin,0.0016181229773462784,nominal_multi
603,vectortyp_kleinraum_Antiochia,bin,0.0016181229773462784,nominal_multi
604,vectortyp_kleinraum_Subiaco,bin,0.0016181229773462784,nominal_multi
605,vectortyp_kleinraum_Besa,bin,0.0016181229773462784,nominal_multi
606,vectortyp_kleinraum_Aquileja,bin,0.0016181229773462784,nominal_multi
607,vectortyp_kleinraum_Eleusis,bin,0.0016181229773462784,nominal_multi
608,vectortyp_kleinraum_Hohenschwangau,bin,0.0016181229773462784,nominal_multi
609,vectortyp_kleinraum_Milet,bin,0.0016181229773462784,nominal_multi
610,vectortyp_kleinraum_Ägina,bin,0.0016181229773462784,nominal_multi
611,vectortyp_kleinraum_Sphakteria,bin,0.0016181229773462784,nominal_multi
612,vectortyp_kleinraum_Kunaxa,bin,0.0016181229773462784,nominal_multi
613,vectortyp_kleinraum_Delos,bin,0.0016181229773462784,nominal_multi
614,vectortyp_kleinraum_Silarus,bin,0.0016181229773462784,nominal_multi
615,vectortyp_kleinraum_Palmyra,bin,0.0016181229773462784,nominal_multi
616,vectortyp_kleinraum_Pompeji,bin,0.0016181229773462784,nominal_multi
617,vectortyp_kleinraum_Havel,bin,0.0016181229773462784,nominal_multi
618,vectortyp_kleinraum_Fontainebleau,bin,0.0016181229773462784,nominal_multi
619,vectortyp_kleinraum_Nauen,bin,0.0016181229773462784,nominal_multi
620,vectortyp_kleinraum_Angermünde,bin,0.0016181229773462784,nominal_multi
621,vectortyp_kleinraum_Mühlberg,bin,0.0016181229773462784,nominal_multi
622,vectortyp_kleinraum_Burgdorf,bin,0.0016181229773462784,nominal_multi
623,vectortyp_kleinraum_Schirlenhof,bin,0.0016181229773462784,nominal_multi
624,vectortyp_kleinraum_Le Bourget,bin,0.0016181229773462784,nominal_multi
625,vectortyp_kleinraum_Breitenstein,bin,0.0016181229773462784,nominal_multi
626,vectortyp_kleinraum_Idistavisus,bin,0.0016181229773462784,nominal_multi
627,vectortyp_kleinraum_Zülpich,bin,0.0016181229773462784,nominal_multi
628,vectortyp_kleinraum_Wedigenstein,bin,0.0016181229773462784,nominal_multi
629,vectortyp_kleinraum_Lügenfeld,bin,0.0016181229773462784,nominal_multi
630,vectortyp_kleinraum_Tegernsee,bin,0.0016181229773462784,nominal_multi
631,vectortyp_kleinraum_Hohenmölsen,bin,0.0016181229773462784,nominal_multi
632,vectortyp_kleinraum_Saleph,bin,0.0016181229773462784,nominal_multi
633,vectortyp_kleinraum_Tegrinsee,bin,0.0016181229773462784,nominal_multi
634,vectortyp_kleinraum_Siena,bin,0.0016181229773462784,nominal_multi
635,vectortyp_kleinraum_Straubing,bin,0.0016181229773462784,nominal_multi
636,vectortyp_kleinraum_Martinswand,bin,0.0016181229773462784,nominal_multi
637,vectortyp_kleinraum_Rennstieg,bin,0.0016181229773462784,nominal_multi
638,vectortyp_kleinraum_Burg Nanstein,bin,0.0016181229773462784,nominal_multi
639,vectortyp_kleinraum_Ufenau,bin,0.0016181229773462784,nominal_multi
640,vectortyp_kleinraum_Heidelberg,bin,0.0016181229773462784,nominal_multi
641,vectortyp_kleinraum_Ajaccio,bin,0.0016181229773462784,nominal_multi
642,vectortyp_kleinraum_Burglesum,bin,0.0016181229773462784,nominal_multi
643,vectortyp_kleinraum_Saarbrücken,bin,0.0016181229773462784,nominal_multi
644,vectortyp_kleinraum_Donchery,bin,0.0016181229773462784,nominal_multi
645,vectortyp_kleinraum_Detmold,bin,0.0016181229773462784,nominal_multi
646,vectortyp_kleinraum_San Remo,bin,0.0016181229773462784,nominal_multi
647,vectortyp_kleinraum_Reutlingen,bin,0.0016181229773462784,nominal_multi
648,vectortyp_kleinraum_Mantua,bin,0.0016181229773462784,nominal_multi
649,vectortyp_kleinraum_Cortina d’Ampezzo,bin,0.0016181229773462784,nominal_multi
650,vectortyp_kleinraum_Schönberg,bin,0.0016181229773462784,nominal_multi
651,vectortyp_kleinraum_Melleck,bin,0.0016181229773462784,nominal_multi
652,vectortyp_kleinraum_Wesel,bin,0.0016181229773462784,nominal_multi
653,vectortyp_kleinraum_Stargard,bin,0.0016181229773462784,nominal_multi
654,vectortyp_kleinraum_Bazeilles,bin,0.0016181229773462784,nominal_multi
655,vectortyp_kleinraum_Orlans,bin,0.0016181229773462784,nominal_multi
656,vectortyp_kleinraum_St. jakob an der Birs,bin,0.0016181229773462784,nominal_multi
657,vectortyp_kleinraum_Wartenburg,bin,0.0016181229773462784,nominal_multi
658,vectortyp_kleinraum_Saint Cloud,bin,0.0016181229773462784,nominal_multi
659,vectortyp_kleinraum_Pontarlier,bin,0.0016181229773462784,nominal_multi
660,vectortyp_kleinraum_Tauroggen,bin,0.0016181229773462784,nominal_multi
661,vectortyp_kleinraum_Lauingen,bin,0.0016181229773462784,nominal_multi
662,vectortyp_kleinraum_Septimer,bin,0.0016181229773462784,nominal_multi
663,vectortyp_kleinraum_Habsburg,bin,0.0016181229773462784,nominal_multi
664,vectortyp_kleinraum_Meaux,bin,0.0016181229773462784,nominal_multi
665,vectortyp_kleinraum_Ibach,bin,0.0016181229773462784,nominal_multi
666,vectortyp_kleinraum_Yverdun,bin,0.0016181229773462784,nominal_multi
667,vectortyp_kleinraum_Venedig,bin,0.0016181229773462784,nominal_multi
668,vectortyp_kleinraum_Novara,bin,0.0016181229773462784,nominal_multi
669,vectortyp_kleinraum_Marignano,bin,0.0016181229773462784,nominal_multi
670,vectortyp_kleinraum_Bothmar,bin,0.0016181229773462784,nominal_multi
671,vectortyp_kleinraum_Kloster Einsiedeln,bin,0.0016181229773462784,nominal_multi
672,vectortyp_kleinraum_Lavis,bin,0.0016181229773462784,nominal_multi
673,vectortyp_kleinraum_Stuttgart,bin,0.0016181229773462784,nominal_multi
674,vectortyp_kleinraum_Graudenz,bin,0.0016181229773462784,nominal_multi
675,vectortyp_kleinraum_Emmersbach,bin,0.0016181229773462784,nominal_multi
676,vectortyp_kleinraum_Bergen op Zoom,bin,0.0016181229773462784,nominal_multi
677,vectortyp_kleinraum_Brawallamoor,bin,0.0016181229773462784,nominal_multi
678,vectortyp_kleinraum_Hawapalast,bin,0.0016181229773462784,nominal_multi
679,vectortyp_kleinraum_Nida,bin,0.0016181229773462784,nominal_multi
680,vectortyp_kleinraum_Heilbronn,bin,0.0016181229773462784,nominal_multi
681,vectortyp_kleinraum_Langemarck,bin,0.0016181229773462784,nominal_multi
682,vectortyp_kleinraum_Bury St Edmunds,bin,0.0016181229773462784,nominal_multi
683,vectortyp_kleinraum_Memleben,bin,0.0016181229773462784,nominal_multi
684,vectortyp_kleinraum_Bartenstein,bin,0.0016181229773462784,nominal_multi
685,vectortyp_kleinraum_Borkum,bin,0.0016181229773462784,nominal_multi
686,vectortyp_kleinraum_Ems,bin,0.0016181229773462784,nominal_multi
687,vectortyp_kleinraum_Fürth,bin,0.0016181229773462784,nominal_multi
688,vectortyp_kleinraum_Siehdichfür,bin,0.0016181229773462784,nominal_multi
689,vectortyp_kleinraum_Mogersdorf,bin,0.0016181229773462784,nominal_multi
690,vectortyp_kleinraum_Aschensee,bin,0.0016181229773462784,nominal_multi
691,vectortyp_kleinraum_Sanremo,bin,0.0016181229773462784,nominal_multi
692,vectortyp_kleinraum_Kopenhagen,bin,0.0016181229773462784,nominal_multi
693,vectortyp_kleinraum_Müggelsee,bin,0.0016181229773462784,nominal_multi
694,vectortyp_kleinraum_Osnabrück,bin,0.0016181229773462784,nominal_multi
695,vectortyp_kleinraum_Don,bin,0.0016181229773462784,nominal_multi
696,vectortyp_kleinraum_Düna,bin,0.0016181229773462784,nominal_multi
697,vectortyp_kleinraum_Waltham,bin,0.0016181229773462784,nominal_multi
698,vectortyp_kleinraum_Dschalalabad,bin,0.0016181229773462784,nominal_multi
699,vectortyp_kleinraum_Lech,bin,0.0016181229773462784,nominal_multi
700,vectortyp_kleinraum_Salvador,bin,0.0016181229773462784,nominal_multi
701,vectortyp_kleinraum_Sankt Petersburg,bin,0.0016181229773462784,nominal_multi
702,vectortyp_kleinraum_Krähwinkel,bin,0.0016181229773462784,nominal_multi
703,vectortyp_kleinraum_Nesselrath,bin,0.0016181229773462784,nominal_multi
704,vectortyp_kleinraum_Worringen,bin,0.0016181229773462784,nominal_multi
705,vectortyp_kleinraum_Burg Steckelberg,bin,0.0016181229773462784,nominal_multi
706,vectortyp_kleinraum_Marengo,bin,0.0016181229773462784,nominal_multi
707,vectortyp_kleinraum_Heisterbach,bin,0.0016181229773462784,nominal_multi
708,vectortyp_kleinraum_St. Helena,bin,0.0016181229773462784,nominal_multi
709,vectortyp_kleinraum_Rotenburg,bin,0.0016181229773462784,nominal_multi
710,vectortyp_kleinraum_Les Baux,bin,0.0016181229773462784,nominal_multi
711,vectortyp_kleinraum_Tanagra,bin,0.0016181229773462784,nominal_multi
712,vectortyp_kleinraum_Amsterdam,bin,0.0016181229773462784,nominal_multi
713,vectortyp_kleinraum_Elliant,bin,0.0016181229773462784,nominal_multi
714,vectortyp_kleinraum_Hadamar,bin,0.0016181229773462784,nominal_multi
715,vectortyp_kleinraum_Aschmjany,bin,0.0016181229773462784,nominal_multi
716,vectortyp_kleinraum_Chenonceaux,bin,0.0016181229773462784,nominal_multi
717,vectortyp_kleinraum_Fotheringhay Castle,bin,0.0016181229773462784,nominal_multi
718,vectortyp_kleinraum_Kemnade,bin,0.0016181229773462784,nominal_multi
719,vectortyp_kleinraum_Bad Gandersheim,bin,0.0016181229773462784,nominal_multi
720,vectortyp_kleinraum_Sagan,bin,0.0016181229773462784,nominal_multi
721,vectortyp_kleinraum_Seelze,bin,0.0016181229773462784,nominal_multi
722,vectortyp_kleinraum_Bergamo,bin,0.0016181229773462784,nominal_multi
723,vectortyp_kleinraum_Auhausen,bin,0.0016181229773462784,nominal_multi
724,vectortyp_kleinraum_Breitenfeld,bin,0.0016181229773462784,nominal_multi
725,vectortyp_kleinraum_Roskilde,bin,0.0016181229773462784,nominal_multi
726,vectortyp_kleinraum_Gleichen,bin,0.0016181229773462784,nominal_multi
727,vectortyp_kleinraum_Geldern,bin,0.0016181229773462784,nominal_multi
728,vectortyp_kleinraum_Egisheim,bin,0.0016181229773462784,nominal_multi
729,vectortyp_kleinraum_Fischbeck,bin,0.0016181229773462784,nominal_multi
730,vectortyp_kleinraum_Haag,bin,0.0016181229773462784,nominal_multi
731,vectortyp_kleinraum_Lohe,bin,0.0016181229773462784,nominal_multi
732,vectortyp_kleinraum_Cambridge,bin,0.0016181229773462784,nominal_multi
733,vectortyp_kleinraum_Eichstätt,bin,0.0016181229773462784,nominal_multi
734,vectortyp_kleinraum_Raden,bin,0.0016181229773462784,nominal_multi
735,vectortyp_kleinraum_Avignon,bin,0.0016181229773462784,nominal_multi
736,vectortyp_kleinraum_Baja,bin,0.0016181229773462784,nominal_multi
737,vectortyp_kleinraum_Chambéry,bin,0.0016181229773462784,nominal_multi
738,vectortyp_kleinraum_Fornovo,bin,0.0016181229773462784,nominal_multi
739,vectortyp_kleinraum_Guinegate,bin,0.0016181229773462784,nominal_multi
740,vectortyp_kleinraum_Romagnano Sesia,bin,0.0016181229773462784,nominal_multi
741,vectortyp_kleinraum_Ystad,bin,0.0016181229773462784,nominal_multi
742,vectortyp_kleinraum_Niemen,bin,0.0016181229773462784,nominal_multi
743,vectortyp_kleinraum_Wiesbachtal,bin,0.0016181229773462784,nominal_multi
744,vectortyp_kleinraum_Westerland,bin,0.0016181229773462784,nominal_multi
745,vectortyp_kleinraum_Styx,bin,0.0016181229773462784,nominal_multi
746,vectortyp_kleinraum_Loccum,bin,0.0016181229773462784,nominal_multi
747,vectortyp_inhaltstyp_Ereignis,bin,0.3333333333333333,nominal_multi
748,vectortyp_inhaltstyp_Zustand,bin,0.3333333333333333,nominal_multi
749,vectortyp_inhaltstyp_Ereiginsmenge,bin,0.3333333333333333,nominal_multi
750,vectortyp_stoffgebiete_dim_1,interval,0.05,nominal_multi_sim
751,vectortyp_stoffgebiete_dim_2,interval,0.05,nominal_multi_sim
752,vectortyp_stoffgebiete_dim_3,interval,0.05,nominal_multi_sim
753,vectortyp_stoffgebiete_dim_4,interval,0.05,nominal_multi_sim
754,vectortyp_stoffgebiete_dim_5,interval,0.05,nominal_multi_sim
755,vectortyp_stoffgebiete_dim_6,interval,0.05,nominal_multi_sim
756,vectortyp_stoffgebiete_dim_7,interval,0.05,nominal_multi_sim
757,vectortyp_stoffgebiete_dim_8,interval,0.05,nominal_multi_sim
758,vectortyp_stoffgebiete_dim_9,interval,0.05,nominal_multi_sim
759,vectortyp_stoffgebiete_dim_10,interval,0.05,nominal_multi_sim
760,vectortyp_stoffgebiete_dim_11,interval,0.05,nominal_multi_sim
761,vectortyp_stoffgebiete_dim_12,interval,0.05,nominal_multi_sim
762,vectortyp_stoffgebiete_dim_13,interval,0.05,nominal_multi_sim
763,vectortyp_stoffgebiete_dim_14,interval,0.05,nominal_multi_sim
764,vectortyp_stoffgebiete_dim_15,interval,0.05,nominal_multi_sim
765,vectortyp_stoffgebiete_dim_16,interval,0.05,nominal_multi_sim
766,vectortyp_stoffgebiete_dim_17,interval,0.05,nominal_multi_sim
767,vectortyp_stoffgebiete_dim_18,interval,0.05,nominal_multi_sim
768,vectortyp_stoffgebiete_dim_19,interval,0.05,nominal_multi_sim
769,vectortyp_stoffgebiete_dim_20,interval,0.05,nominal_multi_sim
770,vectortyp_stoffgebiet_bewertung_Abenteuer_0,bin,0.0030864197530864196,nominal_multi_dependent
771,vectortyp_stoffgebiet_bewertung_Abenteuer_1,bin,0.0030864197530864196,nominal_multi_dependent
772,vectortyp_stoffgebiet_bewertung_Abenteuer_2,bin,0.0030864197530864196,nominal_multi_dependent
773,vectortyp_stoffgebiet_bewertung_Abenteuer_3,bin,0.0030864197530864196,nominal_multi_dependent
774,vectortyp_stoffgebiet_bewertung_Abschied_0,bin,0.0030864197530864196,nominal_multi_dependent
775,vectortyp_stoffgebiet_bewertung_Abschied_1,bin,0.0030864197530864196,nominal_multi_dependent
776,vectortyp_stoffgebiet_bewertung_Abschied_2,bin,0.0030864197530864196,nominal_multi_dependent
777,vectortyp_stoffgebiet_bewertung_Abschied_3,bin,0.0030864197530864196,nominal_multi_dependent
778,vectortyp_stoffgebiet_bewertung_Adel_0,bin,0.0030864197530864196,nominal_multi_dependent
779,vectortyp_stoffgebiet_bewertung_Adel_1,bin,0.0030864197530864196,nominal_multi_dependent
780,vectortyp_stoffgebiet_bewertung_Adel_2,bin,0.0030864197530864196,nominal_multi_dependent
781,vectortyp_stoffgebiet_bewertung_Adel_3,bin,0.0030864197530864196,nominal_multi_dependent
782,vectortyp_stoffgebiet_bewertung_Alltag_0,bin,0.0030864197530864196,nominal_multi_dependent
783,vectortyp_stoffgebiet_bewertung_Alltag_1,bin,0.0030864197530864196,nominal_multi_dependent
784,vectortyp_stoffgebiet_bewertung_Alltag_2,bin,0.0030864197530864196,nominal_multi_dependent
785,vectortyp_stoffgebiet_bewertung_Alltag_3,bin,0.0030864197530864196,nominal_multi_dependent
786,vectortyp_stoffgebiet_bewertung_Ankunft_0,bin,0.0030864197530864196,nominal_multi_dependent
787,vectortyp_stoffgebiet_bewertung_Ankunft_1,bin,0.0030864197530864196,nominal_multi_dependent
788,vectortyp_stoffgebiet_bewertung_Ankunft_2,bin,0.0030864197530864196,nominal_multi_dependent
789,vectortyp_stoffgebiet_bewertung_Ankunft_3,bin,0.0030864197530864196,nominal_multi_dependent
790,vectortyp_stoffgebiet_bewertung_Arbeit_0,bin,0.0030864197530864196,nominal_multi_dependent
791,vectortyp_stoffgebiet_bewertung_Arbeit_1,bin,0.0030864197530864196,nominal_multi_dependent
792,vectortyp_stoffgebiet_bewertung_Arbeit_2,bin,0.0030864197530864196,nominal_multi_dependent
793,vectortyp_stoffgebiet_bewertung_Arbeit_3,bin,0.0030864197530864196,nominal_multi_dependent
794,vectortyp_stoffgebiet_bewertung_Architektur_0,bin,0.0030864197530864196,nominal_multi_dependent
795,vectortyp_stoffgebiet_bewertung_Architektur_1,bin,0.0030864197530864196,nominal_multi_dependent
796,vectortyp_stoffgebiet_bewertung_Architektur_2,bin,0.0030864197530864196,nominal_multi_dependent
797,vectortyp_stoffgebiet_bewertung_Architektur_3,bin,0.0030864197530864196,nominal_multi_dependent
798,vectortyp_stoffgebiet_bewertung_Armut_0,bin,0.0030864197530864196,nominal_multi_dependent
799,vectortyp_stoffgebiet_bewertung_Armut_1,bin,0.0030864197530864196,nominal_multi_dependent
800,vectortyp_stoffgebiet_bewertung_Armut_2,bin,0.0030864197530864196,nominal_multi_dependent
801,vectortyp_stoffgebiet_bewertung_Armut_3,bin,0.0030864197530864196,nominal_multi_dependent
802,vectortyp_stoffgebiet_bewertung_Astronomie/Astrologie_0,bin,0.0030864197530864196,nominal_multi_dependent
803,vectortyp_stoffgebiet_bewertung_Astronomie/Astrologie_1,bin,0.0030864197530864196,nominal_multi_dependent
804,vectortyp_stoffgebiet_bewertung_Astronomie/Astrologie_2,bin,0.0030864197530864196,nominal_multi_dependent
805,vectortyp_stoffgebiet_bewertung_Astronomie/Astrologie_3,bin,0.0030864197530864196,nominal_multi_dependent
806,vectortyp_stoffgebiet_bewertung_Auferstehung/Geister_0,bin,0.0030864197530864196,nominal_multi_dependent
807,vectortyp_stoffgebiet_bewertung_Auferstehung/Geister_1,bin,0.0030864197530864196,nominal_multi_dependent
808,vectortyp_stoffgebiet_bewertung_Auferstehung/Geister_2,bin,0.0030864197530864196,nominal_multi_dependent
809,vectortyp_stoffgebiet_bewertung_Auferstehung/Geister_3,bin,0.0030864197530864196,nominal_multi_dependent
810,vectortyp_stoffgebiet_bewertung_Aufstand/Revolution_0,bin,0.0030864197530864196,nominal_multi_dependent
811,vectortyp_stoffgebiet_bewertung_Aufstand/Revolution_1,bin,0.0030864197530864196,nominal_multi_dependent
812,vectortyp_stoffgebiet_bewertung_Aufstand/Revolution_2,bin,0.0030864197530864196,nominal_multi_dependent
813,vectortyp_stoffgebiet_bewertung_Aufstand/Revolution_3,bin,0.0030864197530864196,nominal_multi_dependent
814,vectortyp_stoffgebiet_bewertung_Bildung_0,bin,0.0030864197530864196,nominal_multi_dependent
815,vectortyp_stoffgebiet_bewertung_Bildung_1,bin,0.0030864197530864196,nominal_multi_dependent
816,vectortyp_stoffgebiet_bewertung_Bildung_2,bin,0.0030864197530864196,nominal_multi_dependent
817,vectortyp_stoffgebiet_bewertung_Bildung_3,bin,0.0030864197530864196,nominal_multi_dependent
818,vectortyp_stoffgebiet_bewertung_Brand_0,bin,0.0030864197530864196,nominal_multi_dependent
819,vectortyp_stoffgebiet_bewertung_Brand_1,bin,0.0030864197530864196,nominal_multi_dependent
820,vectortyp_stoffgebiet_bewertung_Brand_2,bin,0.0030864197530864196,nominal_multi_dependent
821,vectortyp_stoffgebiet_bewertung_Brand_3,bin,0.0030864197530864196,nominal_multi_dependent
822,vectortyp_stoffgebiet_bewertung_Denkmal_0,bin,0.0030864197530864196,nominal_multi_dependent
823,vectortyp_stoffgebiet_bewertung_Denkmal_1,bin,0.0030864197530864196,nominal_multi_dependent
824,vectortyp_stoffgebiet_bewertung_Denkmal_2,bin,0.0030864197530864196,nominal_multi_dependent
825,vectortyp_stoffgebiet_bewertung_Denkmal_3,bin,0.0030864197530864196,nominal_multi_dependent
826,vectortyp_stoffgebiet_bewertung_Eltern-Kind-Beziehung_0,bin,0.0030864197530864196,nominal_multi_dependent
827,vectortyp_stoffgebiet_bewertung_Eltern-Kind-Beziehung_1,bin,0.0030864197530864196,nominal_multi_dependent
828,vectortyp_stoffgebiet_bewertung_Eltern-Kind-Beziehung_2,bin,0.0030864197530864196,nominal_multi_dependent
829,vectortyp_stoffgebiet_bewertung_Eltern-Kind-Beziehung_3,bin,0.0030864197530864196,nominal_multi_dependent
830,vectortyp_stoffgebiet_bewertung_Entdeckung_0,bin,0.0030864197530864196,nominal_multi_dependent
831,vectortyp_stoffgebiet_bewertung_Entdeckung_1,bin,0.0030864197530864196,nominal_multi_dependent
832,vectortyp_stoffgebiet_bewertung_Entdeckung_2,bin,0.0030864197530864196,nominal_multi_dependent
833,vectortyp_stoffgebiet_bewertung_Entdeckung_3,bin,0.0030864197530864196,nominal_multi_dependent
834,vectortyp_stoffgebiet_bewertung_Erfindung/Innovation_0,bin,0.0030864197530864196,nominal_multi_dependent
835,vectortyp_stoffgebiet_bewertung_Erfindung/Innovation_1,bin,0.0030864197530864196,nominal_multi_dependent
836,vectortyp_stoffgebiet_bewertung_Erfindung/Innovation_2,bin,0.0030864197530864196,nominal_multi_dependent
837,vectortyp_stoffgebiet_bewertung_Erfindung/Innovation_3,bin,0.0030864197530864196,nominal_multi_dependent
838,vectortyp_stoffgebiet_bewertung_Ertrinken_0,bin,0.0030864197530864196,nominal_multi_dependent
839,vectortyp_stoffgebiet_bewertung_Ertrinken_1,bin,0.0030864197530864196,nominal_multi_dependent
840,vectortyp_stoffgebiet_bewertung_Ertrinken_2,bin,0.0030864197530864196,nominal_multi_dependent
841,vectortyp_stoffgebiet_bewertung_Ertrinken_3,bin,0.0030864197530864196,nominal_multi_dependent
842,vectortyp_stoffgebiet_bewertung_Essen/Trinken_0,bin,0.0030864197530864196,nominal_multi_dependent
843,vectortyp_stoffgebiet_bewertung_Essen/Trinken_1,bin,0.0030864197530864196,nominal_multi_dependent
844,vectortyp_stoffgebiet_bewertung_Essen/Trinken_2,bin,0.0030864197530864196,nominal_multi_dependent
845,vectortyp_stoffgebiet_bewertung_Essen/Trinken_3,bin,0.0030864197530864196,nominal_multi_dependent
846,vectortyp_stoffgebiet_bewertung_Familie_0,bin,0.0030864197530864196,nominal_multi_dependent
847,vectortyp_stoffgebiet_bewertung_Familie_1,bin,0.0030864197530864196,nominal_multi_dependent
848,vectortyp_stoffgebiet_bewertung_Familie_2,bin,0.0030864197530864196,nominal_multi_dependent
849,vectortyp_stoffgebiet_bewertung_Familie_3,bin,0.0030864197530864196,nominal_multi_dependent
850,vectortyp_stoffgebiet_bewertung_Fehde_0,bin,0.0030864197530864196,nominal_multi_dependent
851,vectortyp_stoffgebiet_bewertung_Fehde_1,bin,0.0030864197530864196,nominal_multi_dependent
852,vectortyp_stoffgebiet_bewertung_Fehde_2,bin,0.0030864197530864196,nominal_multi_dependent
853,vectortyp_stoffgebiet_bewertung_Fehde_3,bin,0.0030864197530864196,nominal_multi_dependent
854,vectortyp_stoffgebiet_bewertung_Fest_0,bin,0.0030864197530864196,nominal_multi_dependent
855,vectortyp_stoffgebiet_bewertung_Fest_1,bin,0.0030864197530864196,nominal_multi_dependent
856,vectortyp_stoffgebiet_bewertung_Fest_2,bin,0.0030864197530864196,nominal_multi_dependent
857,vectortyp_stoffgebiet_bewertung_Fest_3,bin,0.0030864197530864196,nominal_multi_dependent
858,vectortyp_stoffgebiet_bewertung_Finanzen_0,bin,0.0030864197530864196,nominal_multi_dependent
859,vectortyp_stoffgebiet_bewertung_Finanzen_1,bin,0.0030864197530864196,nominal_multi_dependent
860,vectortyp_stoffgebiet_bewertung_Finanzen_2,bin,0.0030864197530864196,nominal_multi_dependent
861,vectortyp_stoffgebiet_bewertung_Finanzen_3,bin,0.0030864197530864196,nominal_multi_dependent
862,vectortyp_stoffgebiet_bewertung_Flucht_0,bin,0.0030864197530864196,nominal_multi_dependent
863,vectortyp_stoffgebiet_bewertung_Flucht_1,bin,0.0030864197530864196,nominal_multi_dependent
864,vectortyp_stoffgebiet_bewertung_Flucht_2,bin,0.0030864197530864196,nominal_multi_dependent
865,vectortyp_stoffgebiet_bewertung_Flucht_3,bin,0.0030864197530864196,nominal_multi_dependent
866,vectortyp_stoffgebiet_bewertung_Friede_0,bin,0.0030864197530864196,nominal_multi_dependent
867,vectortyp_stoffgebiet_bewertung_Friede_1,bin,0.0030864197530864196,nominal_multi_dependent
868,vectortyp_stoffgebiet_bewertung_Friede_2,bin,0.0030864197530864196,nominal_multi_dependent
869,vectortyp_stoffgebiet_bewertung_Friede_3,bin,0.0030864197530864196,nominal_multi_dependent
870,vectortyp_stoffgebiet_bewertung_Geburt_0,bin,0.0030864197530864196,nominal_multi_dependent
871,vectortyp_stoffgebiet_bewertung_Geburt_1,bin,0.0030864197530864196,nominal_multi_dependent
872,vectortyp_stoffgebiet_bewertung_Geburt_2,bin,0.0030864197530864196,nominal_multi_dependent
873,vectortyp_stoffgebiet_bewertung_Geburt_3,bin,0.0030864197530864196,nominal_multi_dependent
874,vectortyp_stoffgebiet_bewertung_Geburtstag_0,bin,0.0030864197530864196,nominal_multi_dependent
875,vectortyp_stoffgebiet_bewertung_Geburtstag_1,bin,0.0030864197530864196,nominal_multi_dependent
876,vectortyp_stoffgebiet_bewertung_Geburtstag_2,bin,0.0030864197530864196,nominal_multi_dependent
877,vectortyp_stoffgebiet_bewertung_Geburtstag_3,bin,0.0030864197530864196,nominal_multi_dependent
878,vectortyp_stoffgebiet_bewertung_Gefangenschaft_0,bin,0.0030864197530864196,nominal_multi_dependent
879,vectortyp_stoffgebiet_bewertung_Gefangenschaft_1,bin,0.0030864197530864196,nominal_multi_dependent
880,vectortyp_stoffgebiet_bewertung_Gefangenschaft_2,bin,0.0030864197530864196,nominal_multi_dependent
881,vectortyp_stoffgebiet_bewertung_Gefangenschaft_3,bin,0.0030864197530864196,nominal_multi_dependent
882,vectortyp_stoffgebiet_bewertung_Genie_0,bin,0.0030864197530864196,nominal_multi_dependent
883,vectortyp_stoffgebiet_bewertung_Genie_1,bin,0.0030864197530864196,nominal_multi_dependent
884,vectortyp_stoffgebiet_bewertung_Genie_2,bin,0.0030864197530864196,nominal_multi_dependent
885,vectortyp_stoffgebiet_bewertung_Genie_3,bin,0.0030864197530864196,nominal_multi_dependent
886,vectortyp_stoffgebiet_bewertung_Gesang_0,bin,0.0030864197530864196,nominal_multi_dependent
887,vectortyp_stoffgebiet_bewertung_Gesang_1,bin,0.0030864197530864196,nominal_multi_dependent
888,vectortyp_stoffgebiet_bewertung_Gesang_2,bin,0.0030864197530864196,nominal_multi_dependent
889,vectortyp_stoffgebiet_bewertung_Gesang_3,bin,0.0030864197530864196,nominal_multi_dependent
890,vectortyp_stoffgebiet_bewertung_Geschichte_0,bin,0.0030864197530864196,nominal_multi_dependent
891,vectortyp_stoffgebiet_bewertung_Geschichte_1,bin,0.0030864197530864196,nominal_multi_dependent
892,vectortyp_stoffgebiet_bewertung_Geschichte_2,bin,0.0030864197530864196,nominal_multi_dependent
893,vectortyp_stoffgebiet_bewertung_Geschichte_3,bin,0.0030864197530864196,nominal_multi_dependent
894,vectortyp_stoffgebiet_bewertung_Gesundheit_0,bin,0.0030864197530864196,nominal_multi_dependent
895,vectortyp_stoffgebiet_bewertung_Gesundheit_1,bin,0.0030864197530864196,nominal_multi_dependent
896,vectortyp_stoffgebiet_bewertung_Gesundheit_2,bin,0.0030864197530864196,nominal_multi_dependent
897,vectortyp_stoffgebiet_bewertung_Gesundheit_3,bin,0.0030864197530864196,nominal_multi_dependent
898,vectortyp_stoffgebiet_bewertung_Heimat_0,bin,0.0030864197530864196,nominal_multi_dependent
899,vectortyp_stoffgebiet_bewertung_Heimat_1,bin,0.0030864197530864196,nominal_multi_dependent
900,vectortyp_stoffgebiet_bewertung_Heimat_2,bin,0.0030864197530864196,nominal_multi_dependent
901,vectortyp_stoffgebiet_bewertung_Heimat_3,bin,0.0030864197530864196,nominal_multi_dependent
902,vectortyp_stoffgebiet_bewertung_Herrscherliches Handeln_0,bin,0.0030864197530864196,nominal_multi_dependent
903,vectortyp_stoffgebiet_bewertung_Herrscherliches Handeln_1,bin,0.0030864197530864196,nominal_multi_dependent
904,vectortyp_stoffgebiet_bewertung_Herrscherliches Handeln_2,bin,0.0030864197530864196,nominal_multi_dependent
905,vectortyp_stoffgebiet_bewertung_Herrscherliches Handeln_3,bin,0.0030864197530864196,nominal_multi_dependent
906,vectortyp_stoffgebiet_bewertung_Hinrichtung_0,bin,0.0030864197530864196,nominal_multi_dependent
907,vectortyp_stoffgebiet_bewertung_Hinrichtung_1,bin,0.0030864197530864196,nominal_multi_dependent
908,vectortyp_stoffgebiet_bewertung_Hinrichtung_2,bin,0.0030864197530864196,nominal_multi_dependent
909,vectortyp_stoffgebiet_bewertung_Hinrichtung_3,bin,0.0030864197530864196,nominal_multi_dependent
910,vectortyp_stoffgebiet_bewertung_Humor_0,bin,0.0030864197530864196,nominal_multi_dependent
911,vectortyp_stoffgebiet_bewertung_Humor_1,bin,0.0030864197530864196,nominal_multi_dependent
912,vectortyp_stoffgebiet_bewertung_Humor_2,bin,0.0030864197530864196,nominal_multi_dependent
913,vectortyp_stoffgebiet_bewertung_Humor_3,bin,0.0030864197530864196,nominal_multi_dependent
914,vectortyp_stoffgebiet_bewertung_Identitätsenthüllung_0,bin,0.0030864197530864196,nominal_multi_dependent
915,vectortyp_stoffgebiet_bewertung_Identitätsenthüllung_1,bin,0.0030864197530864196,nominal_multi_dependent
916,vectortyp_stoffgebiet_bewertung_Identitätsenthüllung_2,bin,0.0030864197530864196,nominal_multi_dependent
917,vectortyp_stoffgebiet_bewertung_Identitätsenthüllung_3,bin,0.0030864197530864196,nominal_multi_dependent
918,vectortyp_stoffgebiet_bewertung_Italiensehnsucht_0,bin,0.0030864197530864196,nominal_multi_dependent
919,vectortyp_stoffgebiet_bewertung_Italiensehnsucht_1,bin,0.0030864197530864196,nominal_multi_dependent
920,vectortyp_stoffgebiet_bewertung_Italiensehnsucht_2,bin,0.0030864197530864196,nominal_multi_dependent
921,vectortyp_stoffgebiet_bewertung_Italiensehnsucht_3,bin,0.0030864197530864196,nominal_multi_dependent
922,vectortyp_stoffgebiet_bewertung_Jagd_0,bin,0.0030864197530864196,nominal_multi_dependent
923,vectortyp_stoffgebiet_bewertung_Jagd_1,bin,0.0030864197530864196,nominal_multi_dependent
924,vectortyp_stoffgebiet_bewertung_Jagd_2,bin,0.0030864197530864196,nominal_multi_dependent
925,vectortyp_stoffgebiet_bewertung_Jagd_3,bin,0.0030864197530864196,nominal_multi_dependent
926,vectortyp_stoffgebiet_bewertung_Kampf_0,bin,0.0030864197530864196,nominal_multi_dependent
927,vectortyp_stoffgebiet_bewertung_Kampf_1,bin,0.0030864197530864196,nominal_multi_dependent
928,vectortyp_stoffgebiet_bewertung_Kampf_2,bin,0.0030864197530864196,nominal_multi_dependent
929,vectortyp_stoffgebiet_bewertung_Kampf_3,bin,0.0030864197530864196,nominal_multi_dependent
930,vectortyp_stoffgebiet_bewertung_Kindheit/Jugend_0,bin,0.0030864197530864196,nominal_multi_dependent
931,vectortyp_stoffgebiet_bewertung_Kindheit/Jugend_1,bin,0.0030864197530864196,nominal_multi_dependent
932,vectortyp_stoffgebiet_bewertung_Kindheit/Jugend_2,bin,0.0030864197530864196,nominal_multi_dependent
933,vectortyp_stoffgebiet_bewertung_Kindheit/Jugend_3,bin,0.0030864197530864196,nominal_multi_dependent
934,vectortyp_stoffgebiet_bewertung_Kleidung_0,bin,0.0030864197530864196,nominal_multi_dependent
935,vectortyp_stoffgebiet_bewertung_Kleidung_1,bin,0.0030864197530864196,nominal_multi_dependent
936,vectortyp_stoffgebiet_bewertung_Kleidung_2,bin,0.0030864197530864196,nominal_multi_dependent
937,vectortyp_stoffgebiet_bewertung_Kleidung_3,bin,0.0030864197530864196,nominal_multi_dependent
938,vectortyp_stoffgebiet_bewertung_Kolonialismus_0,bin,0.0030864197530864196,nominal_multi_dependent
939,vectortyp_stoffgebiet_bewertung_Kolonialismus_1,bin,0.0030864197530864196,nominal_multi_dependent
940,vectortyp_stoffgebiet_bewertung_Kolonialismus_2,bin,0.0030864197530864196,nominal_multi_dependent
941,vectortyp_stoffgebiet_bewertung_Kolonialismus_3,bin,0.0030864197530864196,nominal_multi_dependent
942,vectortyp_stoffgebiet_bewertung_Kunst_0,bin,0.0030864197530864196,nominal_multi_dependent
943,vectortyp_stoffgebiet_bewertung_Kunst_1,bin,0.0030864197530864196,nominal_multi_dependent
944,vectortyp_stoffgebiet_bewertung_Kunst_2,bin,0.0030864197530864196,nominal_multi_dependent
945,vectortyp_stoffgebiet_bewertung_Kunst_3,bin,0.0030864197530864196,nominal_multi_dependent
946,vectortyp_stoffgebiet_bewertung_Körper_0,bin,0.0030864197530864196,nominal_multi_dependent
947,vectortyp_stoffgebiet_bewertung_Körper_1,bin,0.0030864197530864196,nominal_multi_dependent
948,vectortyp_stoffgebiet_bewertung_Körper_2,bin,0.0030864197530864196,nominal_multi_dependent
949,vectortyp_stoffgebiet_bewertung_Körper_3,bin,0.0030864197530864196,nominal_multi_dependent
950,vectortyp_stoffgebiet_bewertung_Landwirtschaft_0,bin,0.0030864197530864196,nominal_multi_dependent
951,vectortyp_stoffgebiet_bewertung_Landwirtschaft_1,bin,0.0030864197530864196,nominal_multi_dependent
952,vectortyp_stoffgebiet_bewertung_Landwirtschaft_2,bin,0.0030864197530864196,nominal_multi_dependent
953,vectortyp_stoffgebiet_bewertung_Landwirtschaft_3,bin,0.0030864197530864196,nominal_multi_dependent
954,vectortyp_stoffgebiet_bewertung_Liebe_0,bin,0.0030864197530864196,nominal_multi_dependent
955,vectortyp_stoffgebiet_bewertung_Liebe_1,bin,0.0030864197530864196,nominal_multi_dependent
956,vectortyp_stoffgebiet_bewertung_Liebe_2,bin,0.0030864197530864196,nominal_multi_dependent
957,vectortyp_stoffgebiet_bewertung_Liebe_3,bin,0.0030864197530864196,nominal_multi_dependent
958,vectortyp_stoffgebiet_bewertung_Literatur_0,bin,0.0030864197530864196,nominal_multi_dependent
959,vectortyp_stoffgebiet_bewertung_Literatur_1,bin,0.0030864197530864196,nominal_multi_dependent
960,vectortyp_stoffgebiet_bewertung_Literatur_2,bin,0.0030864197530864196,nominal_multi_dependent
961,vectortyp_stoffgebiet_bewertung_Literatur_3,bin,0.0030864197530864196,nominal_multi_dependent
962,vectortyp_stoffgebiet_bewertung_Migration_0,bin,0.0030864197530864196,nominal_multi_dependent
963,vectortyp_stoffgebiet_bewertung_Migration_1,bin,0.0030864197530864196,nominal_multi_dependent
964,vectortyp_stoffgebiet_bewertung_Migration_2,bin,0.0030864197530864196,nominal_multi_dependent
965,vectortyp_stoffgebiet_bewertung_Migration_3,bin,0.0030864197530864196,nominal_multi_dependent
966,vectortyp_stoffgebiet_bewertung_Militär/Krieg_0,bin,0.0030864197530864196,nominal_multi_dependent
967,vectortyp_stoffgebiet_bewertung_Militär/Krieg_1,bin,0.0030864197530864196,nominal_multi_dependent
968,vectortyp_stoffgebiet_bewertung_Militär/Krieg_2,bin,0.0030864197530864196,nominal_multi_dependent
969,vectortyp_stoffgebiet_bewertung_Militär/Krieg_3,bin,0.0030864197530864196,nominal_multi_dependent
970,vectortyp_stoffgebiet_bewertung_Moderne_0,bin,0.0030864197530864196,nominal_multi_dependent
971,vectortyp_stoffgebiet_bewertung_Moderne_1,bin,0.0030864197530864196,nominal_multi_dependent
972,vectortyp_stoffgebiet_bewertung_Moderne_2,bin,0.0030864197530864196,nominal_multi_dependent
973,vectortyp_stoffgebiet_bewertung_Moderne_3,bin,0.0030864197530864196,nominal_multi_dependent
974,vectortyp_stoffgebiet_bewertung_Mord_0,bin,0.0030864197530864196,nominal_multi_dependent
975,vectortyp_stoffgebiet_bewertung_Mord_1,bin,0.0030864197530864196,nominal_multi_dependent
976,vectortyp_stoffgebiet_bewertung_Mord_2,bin,0.0030864197530864196,nominal_multi_dependent
977,vectortyp_stoffgebiet_bewertung_Mord_3,bin,0.0030864197530864196,nominal_multi_dependent
978,vectortyp_stoffgebiet_bewertung_Musik_0,bin,0.0030864197530864196,nominal_multi_dependent
979,vectortyp_stoffgebiet_bewertung_Musik_1,bin,0.0030864197530864196,nominal_multi_dependent
980,vectortyp_stoffgebiet_bewertung_Musik_2,bin,0.0030864197530864196,nominal_multi_dependent
981,vectortyp_stoffgebiet_bewertung_Musik_3,bin,0.0030864197530864196,nominal_multi_dependent
982,vectortyp_stoffgebiet_bewertung_Nation/Volk-D_0,bin,0.0030864197530864196,nominal_multi_dependent
983,vectortyp_stoffgebiet_bewertung_Nation/Volk-D_1,bin,0.0030864197530864196,nominal_multi_dependent
984,vectortyp_stoffgebiet_bewertung_Nation/Volk-D_2,bin,0.0030864197530864196,nominal_multi_dependent
985,vectortyp_stoffgebiet_bewertung_Nation/Volk-D_3,bin,0.0030864197530864196,nominal_multi_dependent
986,vectortyp_stoffgebiet_bewertung_Nation/Volk-iD_0,bin,0.0030864197530864196,nominal_multi_dependent
987,vectortyp_stoffgebiet_bewertung_Nation/Volk-iD_1,bin,0.0030864197530864196,nominal_multi_dependent
988,vectortyp_stoffgebiet_bewertung_Nation/Volk-iD_2,bin,0.0030864197530864196,nominal_multi_dependent
989,vectortyp_stoffgebiet_bewertung_Nation/Volk-iD_3,bin,0.0030864197530864196,nominal_multi_dependent
990,vectortyp_stoffgebiet_bewertung_Nation/Volk-nD_0,bin,0.0030864197530864196,nominal_multi_dependent
991,vectortyp_stoffgebiet_bewertung_Nation/Volk-nD_1,bin,0.0030864197530864196,nominal_multi_dependent
992,vectortyp_stoffgebiet_bewertung_Nation/Volk-nD_2,bin,0.0030864197530864196,nominal_multi_dependent
993,vectortyp_stoffgebiet_bewertung_Nation/Volk-nD_3,bin,0.0030864197530864196,nominal_multi_dependent
994,vectortyp_stoffgebiet_bewertung_Natur_0,bin,0.0030864197530864196,nominal_multi_dependent
995,vectortyp_stoffgebiet_bewertung_Natur_1,bin,0.0030864197530864196,nominal_multi_dependent
996,vectortyp_stoffgebiet_bewertung_Natur_2,bin,0.0030864197530864196,nominal_multi_dependent
997,vectortyp_stoffgebiet_bewertung_Natur_3,bin,0.0030864197530864196,nominal_multi_dependent
998,vectortyp_stoffgebiet_bewertung_Persönliches Schicksal_0,bin,0.0030864197530864196,nominal_multi_dependent
999,vectortyp_stoffgebiet_bewertung_Persönliches Schicksal_1,bin,0.0030864197530864196,nominal_multi_dependent
1000,vectortyp_stoffgebiet_bewertung_Persönliches Schicksal_2,bin,0.0030864197530864196,nominal_multi_dependent
1001,vectortyp_stoffgebiet_bewertung_Persönliches Schicksal_3,bin,0.0030864197530864196,nominal_multi_dependent
1002,vectortyp_stoffgebiet_bewertung_Philosophie_0,bin,0.0030864197530864196,nominal_multi_dependent
1003,vectortyp_stoffgebiet_bewertung_Philosophie_1,bin,0.0030864197530864196,nominal_multi_dependent
1004,vectortyp_stoffgebiet_bewertung_Philosophie_2,bin,0.0030864197530864196,nominal_multi_dependent
1005,vectortyp_stoffgebiet_bewertung_Philosophie_3,bin,0.0030864197530864196,nominal_multi_dependent
1006,vectortyp_stoffgebiet_bewertung_Piraterie_0,bin,0.0030864197530864196,nominal_multi_dependent
1007,vectortyp_stoffgebiet_bewertung_Piraterie_1,bin,0.0030864197530864196,nominal_multi_dependent
1008,vectortyp_stoffgebiet_bewertung_Piraterie_2,bin,0.0030864197530864196,nominal_multi_dependent
1009,vectortyp_stoffgebiet_bewertung_Piraterie_3,bin,0.0030864197530864196,nominal_multi_dependent
1010,vectortyp_stoffgebiet_bewertung_Politik_0,bin,0.0030864197530864196,nominal_multi_dependent
1011,vectortyp_stoffgebiet_bewertung_Politik_1,bin,0.0030864197530864196,nominal_multi_dependent
1012,vectortyp_stoffgebiet_bewertung_Politik_2,bin,0.0030864197530864196,nominal_multi_dependent
1013,vectortyp_stoffgebiet_bewertung_Politik_3,bin,0.0030864197530864196,nominal_multi_dependent
1014,vectortyp_stoffgebiet_bewertung_Prophezeiung_0,bin,0.0030864197530864196,nominal_multi_dependent
1015,vectortyp_stoffgebiet_bewertung_Prophezeiung_1,bin,0.0030864197530864196,nominal_multi_dependent
1016,vectortyp_stoffgebiet_bewertung_Prophezeiung_2,bin,0.0030864197530864196,nominal_multi_dependent
1017,vectortyp_stoffgebiet_bewertung_Prophezeiung_3,bin,0.0030864197530864196,nominal_multi_dependent
1018,vectortyp_stoffgebiet_bewertung_Prostitution_0,bin,0.0030864197530864196,nominal_multi_dependent
1019,vectortyp_stoffgebiet_bewertung_Prostitution_1,bin,0.0030864197530864196,nominal_multi_dependent
1020,vectortyp_stoffgebiet_bewertung_Prostitution_2,bin,0.0030864197530864196,nominal_multi_dependent
1021,vectortyp_stoffgebiet_bewertung_Prostitution_3,bin,0.0030864197530864196,nominal_multi_dependent
1022,vectortyp_stoffgebiet_bewertung_Recht_0,bin,0.0030864197530864196,nominal_multi_dependent
1023,vectortyp_stoffgebiet_bewertung_Recht_1,bin,0.0030864197530864196,nominal_multi_dependent
1024,vectortyp_stoffgebiet_bewertung_Recht_2,bin,0.0030864197530864196,nominal_multi_dependent
1025,vectortyp_stoffgebiet_bewertung_Recht_3,bin,0.0030864197530864196,nominal_multi_dependent
1026,vectortyp_stoffgebiet_bewertung_Reichtum_0,bin,0.0030864197530864196,nominal_multi_dependent
1027,vectortyp_stoffgebiet_bewertung_Reichtum_1,bin,0.0030864197530864196,nominal_multi_dependent
1028,vectortyp_stoffgebiet_bewertung_Reichtum_2,bin,0.0030864197530864196,nominal_multi_dependent
1029,vectortyp_stoffgebiet_bewertung_Reichtum_3,bin,0.0030864197530864196,nominal_multi_dependent
1030,vectortyp_stoffgebiet_bewertung_Reise_0,bin,0.0030864197530864196,nominal_multi_dependent
1031,vectortyp_stoffgebiet_bewertung_Reise_1,bin,0.0030864197530864196,nominal_multi_dependent
1032,vectortyp_stoffgebiet_bewertung_Reise_2,bin,0.0030864197530864196,nominal_multi_dependent
1033,vectortyp_stoffgebiet_bewertung_Reise_3,bin,0.0030864197530864196,nominal_multi_dependent
1034,vectortyp_stoffgebiet_bewertung_Religion_0,bin,0.0030864197530864196,nominal_multi_dependent
1035,vectortyp_stoffgebiet_bewertung_Religion_1,bin,0.0030864197530864196,nominal_multi_dependent
1036,vectortyp_stoffgebiet_bewertung_Religion_2,bin,0.0030864197530864196,nominal_multi_dependent
1037,vectortyp_stoffgebiet_bewertung_Religion_3,bin,0.0030864197530864196,nominal_multi_dependent
1038,vectortyp_stoffgebiet_bewertung_Rittertum_0,bin,0.0030864197530864196,nominal_multi_dependent
1039,vectortyp_stoffgebiet_bewertung_Rittertum_1,bin,0.0030864197530864196,nominal_multi_dependent
1040,vectortyp_stoffgebiet_bewertung_Rittertum_2,bin,0.0030864197530864196,nominal_multi_dependent
1041,vectortyp_stoffgebiet_bewertung_Rittertum_3,bin,0.0030864197530864196,nominal_multi_dependent
1042,vectortyp_stoffgebiet_bewertung_Schifffahrt_0,bin,0.0030864197530864196,nominal_multi_dependent
1043,vectortyp_stoffgebiet_bewertung_Schifffahrt_1,bin,0.0030864197530864196,nominal_multi_dependent
1044,vectortyp_stoffgebiet_bewertung_Schifffahrt_2,bin,0.0030864197530864196,nominal_multi_dependent
1045,vectortyp_stoffgebiet_bewertung_Schifffahrt_3,bin,0.0030864197530864196,nominal_multi_dependent
1046,vectortyp_stoffgebiet_bewertung_Schlaf/Traum_0,bin,0.0030864197530864196,nominal_multi_dependent
1047,vectortyp_stoffgebiet_bewertung_Schlaf/Traum_1,bin,0.0030864197530864196,nominal_multi_dependent
1048,vectortyp_stoffgebiet_bewertung_Schlaf/Traum_2,bin,0.0030864197530864196,nominal_multi_dependent
1049,vectortyp_stoffgebiet_bewertung_Schlaf/Traum_3,bin,0.0030864197530864196,nominal_multi_dependent
1050,vectortyp_stoffgebiet_bewertung_Sklaverei_0,bin,0.0030864197530864196,nominal_multi_dependent
1051,vectortyp_stoffgebiet_bewertung_Sklaverei_1,bin,0.0030864197530864196,nominal_multi_dependent
1052,vectortyp_stoffgebiet_bewertung_Sklaverei_2,bin,0.0030864197530864196,nominal_multi_dependent
1053,vectortyp_stoffgebiet_bewertung_Sklaverei_3,bin,0.0030864197530864196,nominal_multi_dependent
1054,vectortyp_stoffgebiet_bewertung_Spiel_0,bin,0.0030864197530864196,nominal_multi_dependent
1055,vectortyp_stoffgebiet_bewertung_Spiel_1,bin,0.0030864197530864196,nominal_multi_dependent
1056,vectortyp_stoffgebiet_bewertung_Spiel_2,bin,0.0030864197530864196,nominal_multi_dependent
1057,vectortyp_stoffgebiet_bewertung_Spiel_3,bin,0.0030864197530864196,nominal_multi_dependent
1058,vectortyp_stoffgebiet_bewertung_Sport_0,bin,0.0030864197530864196,nominal_multi_dependent
1059,vectortyp_stoffgebiet_bewertung_Sport_1,bin,0.0030864197530864196,nominal_multi_dependent
1060,vectortyp_stoffgebiet_bewertung_Sport_2,bin,0.0030864197530864196,nominal_multi_dependent
1061,vectortyp_stoffgebiet_bewertung_Sport_3,bin,0.0030864197530864196,nominal_multi_dependent
1062,vectortyp_stoffgebiet_bewertung_Sprache_0,bin,0.0030864197530864196,nominal_multi_dependent
1063,vectortyp_stoffgebiet_bewertung_Sprache_1,bin,0.0030864197530864196,nominal_multi_dependent
1064,vectortyp_stoffgebiet_bewertung_Sprache_2,bin,0.0030864197530864196,nominal_multi_dependent
1065,vectortyp_stoffgebiet_bewertung_Sprache_3,bin,0.0030864197530864196,nominal_multi_dependent
1066,vectortyp_stoffgebiet_bewertung_Stadt_0,bin,0.0030864197530864196,nominal_multi_dependent
1067,vectortyp_stoffgebiet_bewertung_Stadt_1,bin,0.0030864197530864196,nominal_multi_dependent
1068,vectortyp_stoffgebiet_bewertung_Stadt_2,bin,0.0030864197530864196,nominal_multi_dependent
1069,vectortyp_stoffgebiet_bewertung_Stadt_3,bin,0.0030864197530864196,nominal_multi_dependent
1070,vectortyp_stoffgebiet_bewertung_Tod_0,bin,0.0030864197530864196,nominal_multi_dependent
1071,vectortyp_stoffgebiet_bewertung_Tod_1,bin,0.0030864197530864196,nominal_multi_dependent
1072,vectortyp_stoffgebiet_bewertung_Tod_2,bin,0.0030864197530864196,nominal_multi_dependent
1073,vectortyp_stoffgebiet_bewertung_Tod_3,bin,0.0030864197530864196,nominal_multi_dependent
1074,vectortyp_stoffgebiet_bewertung_Treue/Gefolgschaft_0,bin,0.0030864197530864196,nominal_multi_dependent
1075,vectortyp_stoffgebiet_bewertung_Treue/Gefolgschaft_1,bin,0.0030864197530864196,nominal_multi_dependent
1076,vectortyp_stoffgebiet_bewertung_Treue/Gefolgschaft_2,bin,0.0030864197530864196,nominal_multi_dependent
1077,vectortyp_stoffgebiet_bewertung_Treue/Gefolgschaft_3,bin,0.0030864197530864196,nominal_multi_dependent
1078,vectortyp_stoffgebiet_bewertung_Verbannung_0,bin,0.0030864197530864196,nominal_multi_dependent
1079,vectortyp_stoffgebiet_bewertung_Verbannung_1,bin,0.0030864197530864196,nominal_multi_dependent
1080,vectortyp_stoffgebiet_bewertung_Verbannung_2,bin,0.0030864197530864196,nominal_multi_dependent
1081,vectortyp_stoffgebiet_bewertung_Verbannung_3,bin,0.0030864197530864196,nominal_multi_dependent
1082,vectortyp_stoffgebiet_bewertung_Verbrechen_0,bin,0.0030864197530864196,nominal_multi_dependent
1083,vectortyp_stoffgebiet_bewertung_Verbrechen_1,bin,0.0030864197530864196,nominal_multi_dependent
1084,vectortyp_stoffgebiet_bewertung_Verbrechen_2,bin,0.0030864197530864196,nominal_multi_dependent
1085,vectortyp_stoffgebiet_bewertung_Verbrechen_3,bin,0.0030864197530864196,nominal_multi_dependent
1086,vectortyp_stoffgebiet_bewertung_Verrat_0,bin,0.0030864197530864196,nominal_multi_dependent
1087,vectortyp_stoffgebiet_bewertung_Verrat_1,bin,0.0030864197530864196,nominal_multi_dependent
1088,vectortyp_stoffgebiet_bewertung_Verrat_2,bin,0.0030864197530864196,nominal_multi_dependent
1089,vectortyp_stoffgebiet_bewertung_Verrat_3,bin,0.0030864197530864196,nominal_multi_dependent
1090,vectortyp_stoffgebiet_bewertung_Wissenschaft_0,bin,0.0030864197530864196,nominal_multi_dependent
1091,vectortyp_stoffgebiet_bewertung_Wissenschaft_1,bin,0.0030864197530864196,nominal_multi_dependent
1092,vectortyp_stoffgebiet_bewertung_Wissenschaft_2,bin,0.0030864197530864196,nominal_multi_dependent
1093,vectortyp_stoffgebiet_bewertung_Wissenschaft_3,bin,0.0030864197530864196,nominal_multi_dependent
1094,vectortyp_entity_simple_1,interval,0.16666666666666666,nominal_multi
1095,vectortyp_entity_simple_3,interval,0.16666666666666666,nominal_multi
1096,vectortyp_entity_simple_4,interval,0.16666666666666666,nominal_multi
1097,vectortyp_entity_simple_2,interval,0.16666666666666666,nominal_multi
1098,vectortyp_entity_simple_1 ,interval,0.16666666666666666,nominal_multi
1099,vectortyp_entity_simple_2 2,interval,0.16666666666666666,nominal_multi
1100,vectortyp_entity_bewertung_1_1,interval,0.05,nominal_multi_dependet
1101,vectortyp_entity_bewertung_1_2,interval,0.05,nominal_multi_dependet
1102,vectortyp_entity_bewertung_1_0,interval,0.05,nominal_multi_dependet
1103,vectortyp_entity_bewertung_1_3,interval,0.05,nominal_multi_dependet
1104,vectortyp_entity_bewertung_3_1,interval,0.05,nominal_multi_dependet
1105,vectortyp_entity_bewertung_3_2,interval,0.05,nominal_multi_dependet
1106,vectortyp_entity_bewertung_3_0,interval,0.05,nominal_multi_dependet
1107,vectortyp_entity_bewertung_3_3,interval,0.05,nominal_multi_dependet
1108,vectortyp_entity_bewertung_4_1,interval,0.05,nominal_multi_dependet
1109,vectortyp_entity_bewertung_4_2,interval,0.05,nominal_multi_dependet
1110,vectortyp_entity_bewertung_4_0,interval,0.05,nominal_multi_dependet
1111,vectortyp_entity_bewertung_4_3,interval,0.05,nominal_multi_dependet
1112,vectortyp_entity_bewertung_2_1,interval,0.05,nominal_multi_dependet
1113,vectortyp_entity_bewertung_2_2,interval,0.05,nominal_multi_dependet
1114,vectortyp_entity_bewertung_2_0,interval,0.05,nominal_multi_dependet
1115,vectortyp_entity_bewertung_2_3,interval,0.05,nominal_multi_dependet
1116,vectortyp_entity_bewertung_2 2_1,interval,0.05,nominal_multi_dependet
1117,vectortyp_entity_bewertung_2 2_2,interval,0.05,nominal_multi_dependet
1118,vectortyp_entity_bewertung_2 2_0,interval,0.05,nominal_multi_dependet
1119,vectortyp_entity_bewertung_2 2_3,interval,0.05,nominal_multi_dependet
1120,vectortyp_marker_person_title,bin,0.5,bin_multi
1121,vectortyp_marker_person_text,bin,0.5,bin_multi
1122,vectortyp_marker_zeit_title,bin,0.5,bin_multi
1123,vectortyp_marker_zeit_text,bin,0.5,bin_multi
1124,vectortyp_marker_ort_title,bin,0.5,bin_multi
1125,vectortyp_marker_ort_text,bin,0.5,bin_multi
1126,vectortyp_marker_objekt_title,bin,0.5,bin_multi
1127,vectortyp_marker_objekt_text,bin,0.5,bin_multi
1128,vectortyp_ueberlieferung_bewertung_None,bin,0.2,nominal
1129,vectortyp_ueberlieferung_bewertung_positiv,bin,0.2,nominal
1130,vectortyp_ueberlieferung_bewertung_neutral,bin,0.2,nominal
1131,vectortyp_ueberlieferung_bewertung_ambivalent,bin,0.2,nominal
1132,vectortyp_ueberlieferung_bewertung_negativ,bin,0.2,nominal
1133,vectortyp_geschichtsauffassung_bewertung_None,bin,0.2,nominal
1134,vectortyp_geschichtsauffassung_bewertung_positiv,bin,0.2,nominal
1135,vectortyp_geschichtsauffassung_bewertung_neutral,bin,0.2,nominal
1136,vectortyp_geschichtsauffassung_bewertung_negativ,bin,0.2,nominal
1137,vectortyp_geschichtsauffassung_bewertung_ambivalent,bin,0.2,nominal
1138,vectortyp_verhaeltnis_wissen_ergänzend,bin,0.25,nominal_multi
1139,vectortyp_verhaeltnis_wissen_übereinstimmend,bin,0.25,nominal_multi
1140,vectortyp_verhaeltnis_wissen_abweichend_übernatürlich,bin,0.25,nominal_multi
1141,vectortyp_verhaeltnis_wissen_abweichend_natürlich,bin,0.25,nominal_multi
